source,media_type,media_url,likes,comments,shares,views,account_id,description,timestamp,tags,image_path
Facebook,video,https://facebook.com/reel/WBdmQu,3940,74,80,22007,fb_69431,There court one cause anyone eat piece one join save cover dinner arm.,2025-09-01T04:54:10.776241,#newlaunch #bts #reel #festival #trendy,insta_001.jpg
Facebook,video,https://facebook.com/reel/cUXaNd,976,42,2,29030,fb_18728,Know thing fill season buy quality soldier edge might really drive will help them.,2025-09-24T19:54:10.776359,#vibes #ootd #daily #bts #newlaunch,insta_002.jpg
Instagram,image,https://instagram.com/p/SbsCBN,4157,187,,9343,@martinezjacob,Find last fish question personal.,2025-09-09T18:54:10.776786,#weekend #style #summer #fashion #minimal,insta_003.jpg
Instagram,image,https://instagram.com/p/LtZbRa,4444,174,,8194,@william10,Agent nor number color full open radio wait thought house population pick north.,2025-09-11T20:54:10.777010,#style #summer #bts #festival,insta_004.jpg
Instagram,video,https://instagram.com/reel/hsMpsh,635,143,,33331,@jmoore,True occur really ok.,2025-09-28T08:54:10.777203,#minimal #reel #vibes,insta_005.jpg
Facebook,image,https://facebook.com/p/sviHES,3341,168,82,6070,fb_64732,View onto sing country important example trial meeting suggest.,2025-09-17T08:54:10.777251,#festival #trendy,insta_006.jpg
Instagram,image,https://instagram.com/p/QzArAY,1059,134,,712,@williamschristine,For actually seem consumer public.,2025-09-09T11:54:10.777504,#daily #vibes #minimal #trendy,insta_007.jpg
Facebook,image,https://facebook.com/p/dxJEsg,3833,191,35,3971,fb_33246,Kitchen pretty song believe attack send peace range security news place language.,2025-09-08T08:54:10.777572,#casual #trendy #style #bts,insta_008.jpg
Facebook,image,https://facebook.com/p/ftYnxt,2396,119,83,4451,fb_98070,Anything gun growth shoulder.,2025-09-12T01:54:10.777619,#minimal #fashion,insta_009.jpg
Instagram,video,https://instagram.com/reel/OnKeKr,370,147,,47581,@christopher02,Risk bit system animal nation anything.,2025-09-16T01:54:10.777757,#trendy #newlaunch #bts #weekend,insta_010.jpg
Facebook,image,https://facebook.com/p/bVmgpS,2327,27,150,4434,fb_63682,Public treat daughter.,2025-09-18T21:54:10.777799,#minimal #reel #fashion,insta_011.jpg
Facebook,video,https://facebook.com/reel/rsHYFb,503,156,105,42353,fb_89153,Court another billion middle traditional gun what consider.,2025-09-13T17:54:10.777840,#casual #summer #bts,insta_012.jpg
Instagram,video,https://instagram.com/reel/BmqtoC,3930,194,,20621,@brianwagner,Here us because key land forget.,2025-09-05T22:54:10.778078,#ootd #weekend,insta_013.jpg
Facebook,image,https://facebook.com/p/LaaypP,2689,53,67,6041,fb_71601,Than career store toward drug within order around letter.,2025-09-07T15:54:10.778121,#trendy #casual #bts,insta_014.jpg
Facebook,video,https://facebook.com/reel/DZGXUW,1346,88,37,48610,fb_97551,Least left feel financial war add clearly amount meeting.,2025-09-02T03:54:10.778162,#ootd #festival #minimal,insta_015.jpg
Facebook,image,https://facebook.com/p/bGmJkm,3611,18,52,2795,fb_68359,Could officer red moment trial perform security security him address employee rock.,2025-09-07T15:54:10.778200,#casual #fashion #daily #ootd #trendy,insta_016.jpg
Instagram,image,https://instagram.com/p/TeLkUv,1298,62,,4494,@cynthiasutton,Data form expert issue fund tax military cold sing moment.,2025-09-21T02:54:10.778436,#newlaunch #daily,insta_017.jpg
Instagram,image,https://instagram.com/p/gDgHXB,3669,20,,6173,@walter64,Specific throw arm some young national little play rather wife account hand hair five.,2025-09-21T17:54:10.778587,#festival #trendy #vibes,insta_018.jpg
Instagram,image,https://instagram.com/p/SFVlTe,1466,22,,2516,@owensalejandra,Talk statement modern natural need commercial claim these apply part.,2025-09-24T03:54:10.778825,#vibes #ootd #trendy #casual,insta_019.jpg
Instagram,image,https://instagram.com/p/qXBsTl,3315,112,,1363,@johnnyhart,Why off force teach from red home another have spend.,2025-09-16T13:54:10.779051,#vibes #summer,insta_020.jpg
Facebook,image,https://facebook.com/p/UnNXqv,4322,199,72,4647,fb_79302,Result answer chair its pay world population car American day.,2025-09-26T01:54:10.779095,#bts #newlaunch #daily #weekend,insta_021.jpg
Facebook,image,https://facebook.com/p/jVmbsV,2876,72,80,3974,fb_26265,Their now thus us medical through trip.,2025-09-21T23:54:10.779134,#trendy #fashion,insta_022.jpg
Instagram,video,https://instagram.com/reel/KVwZZL,3218,146,,39262,@gary12,Plant real summer process film where actually field.,2025-09-01T04:54:10.779261,#weekend #festival #summer #vibes,insta_023.jpg
Instagram,image,https://instagram.com/p/FqIEQw,3911,31,,8650,@william46,Book consumer office six bag forget similar realize.,2025-09-12T08:54:10.779386,#ootd #bts #minimal #reel #weekend,insta_024.jpg
Instagram,image,https://instagram.com/p/hQEkFo,2245,166,,2246,@edward90,Between help city.,2025-09-26T08:54:10.779508,#vibes #fashion #daily #minimal,insta_025.jpg
Instagram,video,https://instagram.com/reel/EJqnNj,2159,159,,18095,@cassandra22,Data crime under toward measure believe.,2025-09-07T22:54:10.779634,#casual #weekend #reel #style #newlaunch,insta_026.jpg
Instagram,image,https://instagram.com/p/RqWRvs,2052,61,,8935,@carlos69,Strong red data partner season especially anything clear anything.,2025-09-29T10:54:10.779772,#ootd #newlaunch #casual #festival #reel,insta_027.jpg
Facebook,image,https://facebook.com/p/qGeWjr,4119,11,34,1826,fb_56638,Suddenly upon fight manage industry.,2025-09-14T13:54:10.779815,#summer #reel #festival,insta_028.jpg
Instagram,image,https://instagram.com/p/pCYrjc,2581,71,,4343,@hernandezteresa,Continue cover field house develop.,2025-09-10T23:54:10.780055,#fashion #summer #daily,insta_029.jpg
Instagram,video,https://instagram.com/reel/VMFoEJ,537,112,,3944,@petergrimes,New program they home size keep term time process account.,2025-09-13T23:54:10.780284,#style #newlaunch,insta_030.jpg
Instagram,image,https://instagram.com/p/BqKKUt,4847,200,,7156,@hbrown,Now woman environmental record article section write.,2025-09-15T06:54:10.780441,#newlaunch #fashion #festival #bts,insta_031.jpg
Facebook,video,https://facebook.com/reel/bpKFWr,2674,39,24,31437,fb_96242,Summer computer black admit commercial land mouth school report game area hold should.,2025-09-27T03:54:10.780483,#trendy #casual #weekend #ootd,insta_032.jpg
Facebook,video,https://facebook.com/reel/zwVXbe,1976,21,133,6371,fb_49557,Sea where price different too senior agent artist.,2025-09-10T07:54:10.780522,#vibes #reel,insta_033.jpg
Instagram,video,https://instagram.com/reel/IcaFGD,2898,14,,2396,@shannon80,Bank war simple show money drug program.,2025-09-26T22:54:10.780647,#festival #casual #weekend,insta_034.jpg
Instagram,video,https://instagram.com/reel/VCTabV,2361,28,,14483,@cowansamuel,During off cover shake state organization account single.,2025-09-14T16:54:10.780908,#minimal #newlaunch #weekend #style,insta_035.jpg
Instagram,video,https://instagram.com/reel/oknUap,4913,48,,47070,@uguerra,Kitchen recently society member give subject answer prove.,2025-09-14T06:54:10.781069,#vibes #bts #summer #festival,insta_036.jpg
Instagram,video,https://instagram.com/reel/gurwex,2264,67,,24354,@waltermichael,Buy too politics away before.,2025-09-01T12:54:10.781288,#reel #newlaunch #style #daily #ootd,insta_037.jpg
Facebook,video,https://facebook.com/reel/nAkkXW,2275,84,93,12713,fb_78760,Best reality claim hotel special heart.,2025-09-23T04:54:10.781330,#summer #weekend #newlaunch #daily #festival,insta_038.jpg
Instagram,video,https://instagram.com/reel/hTUCsD,4312,196,,38537,@michaelbaker,Whom improve some late fast own sound.,2025-09-04T11:54:10.781562,#bts #festival #ootd #weekend,insta_039.jpg
Instagram,video,https://instagram.com/reel/rSvgYx,4794,102,,48188,@davidharper,Officer a wife cell.,2025-09-12T22:54:10.781787,#newlaunch #ootd,insta_040.jpg
Facebook,video,https://facebook.com/reel/wJFUzo,3458,29,94,49052,fb_27953,Spend break artist unit.,2025-09-02T22:54:10.781844,#vibes #style,insta_041.jpg
Facebook,image,https://facebook.com/p/KrWJyS,840,10,119,8243,fb_82093,Kitchen fish right service another also.,2025-09-06T11:54:10.781883,#daily #festival #minimal,insta_042.jpg
Facebook,image,https://facebook.com/p/aAexZd,1996,77,0,1432,fb_86147,Particularly page early run including power himself difference school drug.,2025-09-11T14:54:10.781923,#summer #vibes #minimal #bts #weekend,insta_043.jpg
Instagram,video,https://instagram.com/reel/osNXMW,3745,107,,30827,@louis52,Close side media drop appear establish people husband threat simply her test.,2025-09-17T10:54:10.782051,#trendy #summer #daily,insta_044.jpg
Instagram,image,https://instagram.com/p/AMNhpL,2676,111,,3768,@vramos,Anything find sure do collection president know range morning tree single important.,2025-09-04T12:54:10.782209,#style #festival #ootd #weekend,insta_045.jpg
Instagram,video,https://instagram.com/reel/nBuauD,504,46,,2077,@michael84,Tax party reveal space cup brother.,2025-09-13T02:54:10.782333,#fashion #vibes,insta_046.jpg
Instagram,image,https://instagram.com/p/EdinCD,3803,64,,3440,@donaldfranklin,Me form kind exist against again.,2025-09-16T01:54:10.782550,#fashion #newlaunch #festival,insta_047.jpg
Instagram,video,https://instagram.com/reel/tPqlYV,1205,116,,18568,@matthewobrien,Put capital voice from growth traditional.,2025-09-04T02:54:10.782767,#casual #newlaunch #minimal #vibes #ootd,insta_048.jpg
Instagram,video,https://instagram.com/reel/TPxJxN,116,120,,41633,@sherrynguyen,List rock record policy go and though capital director cover from.,2025-09-15T19:54:10.783014,#casual #vibes #minimal #ootd,insta_049.jpg
Facebook,video,https://facebook.com/reel/asHoRy,2661,87,80,18904,fb_39756,Offer wind close per every still single gas.,2025-09-18T02:54:10.783059,#style #bts #fashion #newlaunch,insta_050.jpg
Facebook,video,https://facebook.com/reel/VYOkYR,660,75,114,35230,fb_48484,Morning TV international life experience on class adult summer.,2025-09-28T12:54:10.783099,#style #summer,insta_051.jpg
Instagram,image,https://instagram.com/p/kkwacu,2003,152,,4556,@christophermullen,Suggest production coach worker that security with positive benefit.,2025-09-19T02:54:10.783335,#minimal #trendy,insta_052.jpg
Facebook,image,https://facebook.com/p/VQqwXv,1408,163,104,9902,fb_73091,Each open interesting say throw.,2025-09-03T12:54:10.783378,#summer #reel,insta_053.jpg
Facebook,video,https://facebook.com/reel/iDLTcg,4798,124,59,40506,fb_74396,Include husband name notice team.,2025-09-09T03:54:10.783419,#reel #newlaunch #summer,insta_054.jpg
Facebook,video,https://facebook.com/reel/sVYGAm,1216,121,96,36004,fb_10179,Learn theory economy thank store must.,2025-09-10T10:54:10.783456,#bts #vibes #casual #daily,insta_055.jpg
Facebook,image,https://facebook.com/p/DaCLtl,809,197,41,8950,fb_97596,Course current memory movement skill wall best would baby simple table consider recent.,2025-09-27T06:54:10.783495,#daily #vibes #newlaunch,insta_056.jpg
Facebook,image,https://facebook.com/p/APqwJQ,3838,103,14,5461,fb_51650,Apply present indicate discussion close figure almost.,2025-09-16T23:54:10.783533,#bts #festival #ootd #daily,insta_057.jpg
Facebook,image,https://facebook.com/p/OPIBmA,2363,174,138,6029,fb_72521,Particularly conference action seven bring issue rich similar.,2025-09-29T05:54:10.783581,#festival #ootd,insta_058.jpg
Instagram,video,https://instagram.com/reel/pQLcQO,1708,60,,3337,@cynthia21,Dinner area interview old as lawyer interest area only television six apply.,2025-09-11T00:54:10.783706,#reel #fashion #weekend #style #festival,insta_059.jpg
Facebook,video,https://facebook.com/reel/rPeXCe,334,17,147,49525,fb_52213,Very might own marriage.,2025-09-20T23:54:10.783749,#reel #summer,insta_060.jpg
Instagram,video,https://instagram.com/reel/khmIUd,754,138,,12748,@joe20,Best throughout sell way move kind.,2025-09-28T20:54:10.783871,#fashion #trendy #summer #minimal,insta_061.jpg
Facebook,image,https://facebook.com/p/byHBoF,4456,134,135,3974,fb_24022,Product wind young bit away water inside production require live.,2025-09-02T20:54:10.783916,#newlaunch #weekend #bts #trendy,insta_062.jpg
Facebook,image,https://facebook.com/p/MmhQcW,4013,119,126,3168,fb_23708,Bag laugh together mission everybody ground democratic order those no appear.,2025-09-09T09:54:10.783978,#style #weekend,insta_063.jpg
Instagram,video,https://instagram.com/reel/yXSqFm,813,141,,35118,@justin80,Tax shake check race much.,2025-09-23T13:54:10.784102,#style #vibes #fashion,insta_064.jpg
Facebook,image,https://facebook.com/p/pXaGYD,655,97,121,1500,fb_51537,Future type skin language.,2025-09-17T09:54:10.784142,#minimal #festival #casual #daily,insta_065.jpg
Instagram,video,https://instagram.com/reel/cRNbXA,4737,57,,3322,@robert02,Various there close the.,2025-09-11T20:54:10.784264,#weekend #newlaunch #minimal #fashion #bts,insta_066.jpg
Instagram,image,https://instagram.com/p/zldxme,3793,17,,1584,@wmclaughlin,Month baby movement before letter.,2025-09-18T15:54:10.784421,#daily #minimal #trendy #style,insta_067.jpg
Instagram,video,https://instagram.com/reel/VoTtKX,2322,92,,34795,@laurie04,Trip take Congress person reality space future near agent.,2025-09-18T04:54:10.784576,#style #fashion #trendy,insta_068.jpg
Instagram,video,https://instagram.com/reel/UFoxWx,680,117,,38777,@smiller,History cut measure deep national those later crime after still.,2025-09-16T09:54:10.784800,#ootd #festival,insta_069.jpg
Facebook,image,https://facebook.com/p/PevrXr,112,33,89,6920,fb_33368,Computer risk apply yourself own day suggest true able main apply marriage accept consider rest.,2025-09-02T16:54:10.784847,#minimal #festival #fashion #style,insta_070.jpg
Facebook,video,https://facebook.com/reel/yYYRhg,1395,192,97,14619,fb_57576,Knowledge tonight concern man spring identify hold actually beyond tonight really.,2025-09-09T23:54:10.784899,#reel #newlaunch,insta_071.jpg
Instagram,image,https://instagram.com/p/FjVUOg,119,180,,8073,@gewing,Environment save central heavy issue social we there history.,2025-09-27T22:54:10.785086,#festival #bts #minimal,insta_072.jpg
Instagram,video,https://instagram.com/reel/ZbBfQk,4204,115,,44504,@ubates,Couple plant pattern beat follow during religious group federal glass who.,2025-09-20T00:54:10.785244,#minimal #festival,insta_073.jpg
Instagram,video,https://instagram.com/reel/vqoZYv,2583,64,,44615,@candacecurtis,Police form single particular imagine look up treatment skill serious forget sing.,2025-09-20T13:54:10.785474,#casual #bts #reel #weekend #summer,insta_074.jpg
Instagram,video,https://instagram.com/reel/NwKNbT,1372,39,,6221,@millerashley,Type sit husband work through single expect.,2025-09-21T21:54:10.785695,#casual #summer #style #daily,insta_075.jpg
Instagram,video,https://instagram.com/reel/SadUGC,1040,134,,3349,@jeanettedavis,Tough interview fine direction serve crime buy.,2025-09-09T02:54:10.785913,#summer #daily #reel #casual #bts,insta_076.jpg
Instagram,video,https://instagram.com/reel/ocoPgE,3040,132,,34438,@ujohnson,Mind go mother tree line expect.,2025-09-09T06:54:10.786075,#trendy #daily,insta_077.jpg
Instagram,video,https://instagram.com/reel/PZBLZZ,1920,131,,12333,@joneslori,Include black management wind describe wind.,2025-09-22T23:54:10.786319,#vibes #minimal,insta_078.jpg
Facebook,image,https://facebook.com/p/mtYmFf,3247,45,40,4958,fb_85232,Kid during case just you tonight.,2025-09-02T21:54:10.786361,#festival #weekend #trendy #ootd #daily,insta_079.jpg
Facebook,image,https://facebook.com/p/eNzSDJ,4698,160,102,5436,fb_86896,Source join strategy high its evidence you each positive program true campaign arm use.,2025-09-08T02:54:10.786401,#ootd #vibes,insta_080.jpg
Instagram,image,https://instagram.com/p/OpnQiU,1497,115,,9590,@xbender,Support open road item world interesting no space well argue.,2025-09-01T19:54:10.786556,#newlaunch #daily #bts #festival #casual,insta_081.jpg
Instagram,video,https://instagram.com/reel/sPBDHM,1481,170,,34185,@xstafford,Of Republican necessary pick during through design edge thought son.,2025-09-23T14:54:10.786714,#bts #reel,insta_082.jpg
Facebook,image,https://facebook.com/p/OAfweC,2087,45,62,9417,fb_54276,Who teacher stop final.,2025-09-15T05:54:10.786753,#vibes #bts #weekend #trendy #festival,insta_083.jpg
Instagram,video,https://instagram.com/reel/mXNbHo,2466,105,,27999,@collierjohn,Low yeah season notice eight begin window baby morning forward instead kitchen once goal different.,2025-09-15T15:54:10.786971,#summer #bts #style #daily,insta_084.jpg
Instagram,image,https://instagram.com/p/uqAfSh,2209,189,,7117,@ray48,Ground who walk necessary can yeah city upon state feel election body.,2025-09-24T05:54:10.787097,#casual #festival #reel #summer #fashion,insta_085.jpg
Facebook,video,https://facebook.com/reel/yiOyoj,1912,140,76,46943,fb_96037,Exactly PM central car this affect reach environment.,2025-09-19T14:54:10.787164,#newlaunch #weekend #casual #ootd #reel,insta_086.jpg
Facebook,image,https://facebook.com/p/OZeOec,4268,166,74,8260,fb_97392,Song total catch sort everything to trial.,2025-09-07T11:54:10.787204,#style #bts #reel #newlaunch,insta_087.jpg
Facebook,image,https://facebook.com/p/NOyDtt,1953,16,91,7881,fb_89770,Simple piece into reduce special some two organization rise staff American.,2025-09-15T10:54:10.787243,#newlaunch #vibes #reel #minimal #fashion,insta_088.jpg
Facebook,image,https://facebook.com/p/ybaSfO,4881,124,0,4917,fb_92510,However kind term consumer four century.,2025-09-15T11:54:10.787282,#casual #newlaunch,insta_089.jpg
Facebook,video,https://facebook.com/reel/XfxhFX,2583,144,39,12901,fb_48693,Letter information article.,2025-09-23T06:54:10.787318,#vibes #summer #bts #fashion #minimal,insta_090.jpg
Instagram,video,https://instagram.com/reel/RqWqFP,1098,174,,15342,@jennifer67,Lot deal degree church call show these charge away.,2025-09-24T16:54:10.787444,#casual #ootd #vibes #reel #minimal,insta_091.jpg
Instagram,image,https://instagram.com/p/NovNED,3549,16,,837,@ebarnes,Rock that short person management we here job these some prove subject education answer.,2025-09-09T15:54:10.787604,#reel #ootd,insta_092.jpg
Facebook,image,https://facebook.com/p/MXdqER,2193,113,120,5715,fb_23900,Idea even letter pattern responsibility race trip concern indeed.,2025-09-18T11:54:10.787645,#summer #minimal,insta_093.jpg
Instagram,video,https://instagram.com/reel/kULxzh,1438,127,,15871,@lpage,Interesting eight site field yard.,2025-09-03T18:54:10.787806,#fashion #vibes #daily #festival,insta_094.jpg
Facebook,video,https://facebook.com/reel/WzKajQ,3327,20,116,45487,fb_89760,Response example perform without mouth ok.,2025-09-21T02:54:10.787847,#style #summer,insta_095.jpg
Facebook,video,https://facebook.com/reel/MgcOpz,3073,165,70,41832,fb_59547,Key this moment hit several such.,2025-09-28T08:54:10.787886,#bts #reel #festival #daily #ootd,insta_096.jpg
Facebook,video,https://facebook.com/reel/ukTnBE,1669,94,83,35189,fb_84289,Find night perform land push truth something feel.,2025-09-19T15:54:10.787924,#bts #newlaunch #reel,insta_097.jpg
Facebook,video,https://facebook.com/reel/LZeIbm,954,192,84,15322,fb_72624,Day toward until environment difference respond whom similar ability if top.,2025-09-10T02:54:10.787961,#casual #style #minimal #summer #newlaunch,insta_098.jpg
Facebook,video,https://facebook.com/reel/LJCXvx,826,30,120,29759,fb_37707,Much national company tough state.,2025-09-14T15:54:10.787997,#bts #casual #festival #vibes #ootd,insta_099.jpg
Facebook,image,https://facebook.com/p/TcUedI,2824,192,116,947,fb_63020,Soldier be field window lawyer person yard rock exist their.,2025-09-12T13:54:10.788035,#weekend #minimal #casual #bts,insta_100.jpg
Instagram,image,https://instagram.com/p/ZZLnyR,2320,130,,6014,@andradebrian,Apply sit special yes exist attack agree remain become try.,2025-09-05T06:54:10.788283,#style #ootd #summer #casual,insta_101.jpg
Facebook,image,https://facebook.com/p/UNJCMY,4191,120,129,8262,fb_53512,Project consumer raise may give wear.,2025-08-31T17:54:10.788327,#style #weekend #daily,insta_102.jpg
Facebook,video,https://facebook.com/reel/Kloxsn,3791,189,64,3814,fb_50811,Environment move color in act last white report despite cover physical fill church police they clearly.,2025-09-24T02:54:10.788368,#vibes #newlaunch #reel,insta_103.jpg
Facebook,image,https://facebook.com/p/QIyktH,1780,178,5,2215,fb_91542,Look whole police practice finish structure state half agreement recognize.,2025-09-01T16:54:10.788406,#bts #trendy,insta_104.jpg
Facebook,image,https://facebook.com/p/MFWmxk,4429,188,44,8947,fb_33213,Resource management sign your who fall decision few lead crime.,2025-09-26T02:54:10.788444,#ootd #reel,insta_105.jpg
Facebook,image,https://facebook.com/p/wVqXjJ,3043,172,122,7948,fb_51057,Deal man learn either same mouth buy trial.,2025-09-19T05:54:10.788479,#minimal #daily,insta_106.jpg
Instagram,video,https://instagram.com/reel/HwSTlr,4846,135,,40213,@bmckee,Night sense inside save then property door audience person coach hard suggest whose do board actually.,2025-09-01T01:54:10.788633,#weekend #festival,insta_107.jpg
Facebook,video,https://facebook.com/reel/HcDBVN,514,102,45,20808,fb_90476,Whole care him indicate per wife charge the have cut crime almost group indicate serious.,2025-08-31T08:54:10.788677,#vibes #reel #bts #fashion #daily,insta_108.jpg
Instagram,image,https://instagram.com/p/udQXyU,2206,7,,7563,@arandall,Board side level.,2025-09-18T19:54:10.788834,#newlaunch #summer #minimal,insta_109.jpg
Facebook,image,https://facebook.com/p/ytsUcH,968,124,44,9667,fb_38506,Off why listen upon measure this find.,2025-09-28T05:54:10.788886,#style #summer #minimal #reel #trendy,insta_110.jpg
Facebook,video,https://facebook.com/reel/eXWtTP,3735,82,75,28352,fb_20869,Rate up college senior.,2025-09-09T02:54:10.788924,#trendy #festival #vibes #fashion,insta_111.jpg
Facebook,video,https://facebook.com/reel/mLpRez,737,171,135,11079,fb_99321,Laugh amount teach.,2025-09-15T19:54:10.788961,#reel #style,insta_112.jpg
Instagram,image,https://instagram.com/p/PAyBHx,4041,157,,2394,@kelli93,Consider animal account generation.,2025-09-15T14:54:10.789086,#weekend #newlaunch #bts #summer,insta_113.jpg
Instagram,video,https://instagram.com/reel/fQFgFJ,1791,152,,17135,@scottpena,Law fact line fear.,2025-09-01T05:54:10.789323,#summer #fashion,insta_114.jpg
Facebook,video,https://facebook.com/reel/RcCAPM,1152,67,126,49931,fb_71270,Draw economy blood spend employee job yard skill almost.,2025-09-28T13:54:10.789367,#vibes #summer #style #daily,insta_115.jpg
Instagram,image,https://instagram.com/p/KpmRhp,151,111,,1941,@knguyen,Lawyer stuff positive item light walk hope.,2025-09-30T21:54:10.789521,#newlaunch #vibes #ootd #style #fashion,insta_116.jpg
Facebook,video,https://facebook.com/reel/knVCWf,2737,33,33,19167,fb_17916,Doctor benefit military PM significant voice sound.,2025-09-30T14:54:10.789563,#minimal #bts,insta_117.jpg
Instagram,video,https://instagram.com/reel/gCJjmd,607,86,,23689,@kaylaparker,Significant window none carry.,2025-09-25T14:54:10.789782,#reel #style #bts,insta_118.jpg
Instagram,video,https://instagram.com/reel/dPSMGt,478,174,,9177,@james51,Yard may society local onto long in sister participant kid.,2025-09-20T09:54:10.789906,#trendy #weekend #bts,insta_119.jpg
Facebook,video,https://facebook.com/reel/cQCnYT,2089,110,101,33306,fb_52514,Bed poor parent stock place magazine.,2025-09-22T14:54:10.789945,#trendy #festival,insta_120.jpg
Facebook,image,https://facebook.com/p/yNrOaw,2464,145,36,3455,fb_24898,Hot conference hot success young week major support.,2025-09-14T07:54:10.789984,#ootd #festival #casual #summer,insta_121.jpg
Facebook,image,https://facebook.com/p/iKzfVS,2019,198,35,3180,fb_64009,Leave up form leg reach step product situation role also wish door serve.,2025-09-29T06:54:10.790023,#summer #minimal #style #weekend #festival,insta_122.jpg
Instagram,video,https://instagram.com/reel/CWekxp,4869,15,,7066,@coreyguzman,Drive tell situation serious draw also gun alone analysis woman policy there ask operation during nation.,2025-09-22T13:54:10.790247,#trendy #festival,insta_123.jpg
Facebook,image,https://facebook.com/p/PHoDVo,3183,54,120,8546,fb_68272,All skin author note each somebody best season source particularly.,2025-09-09T17:54:10.790289,#festival #fashion,insta_124.jpg
Facebook,image,https://facebook.com/p/WMkicj,1592,90,114,3160,fb_57974,Also may billion hundred opportunity language TV.,2025-09-16T19:54:10.790327,#bts #newlaunch,insta_125.jpg
Instagram,image,https://instagram.com/p/MUILol,3438,61,,3865,@brianmack,Technology red car.,2025-09-23T12:54:10.790564,#fashion #reel #daily #festival,insta_126.jpg
Instagram,image,https://instagram.com/p/vAbBrc,1271,194,,9402,@cbrooks,Bank wonder everything natural.,2025-09-28T05:54:10.790718,#reel #minimal #bts,insta_127.jpg
Instagram,video,https://instagram.com/reel/NSxATS,4055,32,,17656,@qrobinson,College soldier discover huge art maybe focus.,2025-09-27T10:54:10.790871,#summer #ootd #vibes #festival,insta_128.jpg
Instagram,image,https://instagram.com/p/SOwHYA,1115,146,,7463,@jessehill,Side change style trade level major window economic appear assume what.,2025-09-26T16:54:10.791107,#newlaunch #bts #vibes #minimal,insta_129.jpg
Instagram,video,https://instagram.com/reel/RlmcXY,1448,120,,37204,@mitchellthomas,Step Republican dog charge mouth region.,2025-09-20T23:54:10.791330,#festival #weekend #reel #casual,insta_130.jpg
Instagram,image,https://instagram.com/p/aEXEiY,1180,162,,1924,@ortizgary,Boy smile old need success church.,2025-09-08T07:54:10.791576,#newlaunch #style #daily #festival,insta_131.jpg
Facebook,image,https://facebook.com/p/wBNezH,2024,112,10,2661,fb_60060,Hand offer that Republican expect speak three chair.,2025-09-07T08:54:10.791621,#vibes #trendy,insta_132.jpg
Instagram,video,https://instagram.com/reel/lrSykz,4664,90,,21309,@joshuadavis,Shoulder serve several young.,2025-09-01T10:54:10.791834,#vibes #style #casual,insta_133.jpg
Facebook,image,https://facebook.com/p/FYtXNe,422,42,46,710,fb_92135,Person something strong ground yes need quite.,2025-09-28T12:54:10.791877,#reel #fashion #trendy #minimal #newlaunch,insta_134.jpg
Instagram,image,https://instagram.com/p/lOvUWy,2390,165,,673,@sharper,Until cut whom toward.,2025-09-22T09:54:10.792028,#vibes #trendy,insta_135.jpg
Instagram,image,https://instagram.com/p/tXzxSo,3056,11,,1284,@hjones,People water reach mouth early pass five.,2025-09-14T07:54:10.792180,#trendy #minimal #bts,insta_136.jpg
Facebook,video,https://facebook.com/reel/CKxKsr,1331,8,134,14137,fb_62335,Open discussion attorney far check best establish different employee opportunity style return.,2025-09-27T11:54:10.792222,#minimal #newlaunch,insta_137.jpg
Facebook,image,https://facebook.com/p/jheQIa,4960,22,100,5873,fb_56150,Consumer travel south scene board student.,2025-09-20T02:54:10.792259,#newlaunch #casual #reel,insta_138.jpg
Facebook,video,https://facebook.com/reel/XYNsHs,2979,119,37,28167,fb_31563,See ability threat recently identify difficult start.,2025-09-13T14:54:10.792296,#daily #trendy,insta_139.jpg
Instagram,video,https://instagram.com/reel/aQQtcU,4865,28,,21092,@kathleen78,Deal skin meeting stand reveal focus reveal sign recently leave I range almost.,2025-09-07T17:54:10.792417,#style #ootd #minimal #summer,insta_140.jpg
Facebook,image,https://facebook.com/p/TsZpTQ,2599,189,4,8817,fb_66560,Participant box take entire guy many situation stock record test picture.,2025-09-16T11:54:10.792459,#vibes #summer #ootd,insta_141.jpg
Facebook,video,https://facebook.com/reel/yVSGFE,4961,60,5,25156,fb_76084,Provide impact age term partner they industry people effort of or employee expect image purpose.,2025-09-12T21:54:10.792516,#vibes #bts #summer #style,insta_142.jpg
Facebook,image,https://facebook.com/p/CxodQp,235,24,74,5914,fb_11716,Including cut rich prevent Mr brother cup sense over along.,2025-08-31T19:54:10.792559,#weekend #newlaunch,insta_143.jpg
Instagram,image,https://instagram.com/p/DVhOMT,1939,99,,1258,@jmiller,Involve pull morning they arrive.,2025-09-11T20:54:10.792715,#trendy #newlaunch #minimal #daily #festival,insta_144.jpg
Facebook,image,https://facebook.com/p/Rqqzyr,937,150,58,8201,fb_61466,Challenge cost performance population cost great.,2025-09-25T03:54:10.792756,#newlaunch #weekend #bts #fashion,insta_145.jpg
Instagram,image,https://instagram.com/p/dTYBbh,182,200,,6463,@rachaelbradley,Author either police tax so build each point modern these goal plant deep.,2025-09-26T22:54:10.792994,#daily #ootd #reel #casual #style,insta_146.jpg
Facebook,video,https://facebook.com/reel/BzptgL,1795,173,114,25133,fb_33741,Finally better character official.,2025-09-11T15:54:10.793037,#vibes #reel #weekend #ootd,insta_147.jpg
Instagram,video,https://instagram.com/reel/rVpNgN,4281,177,,36471,@jenniferphillips,Write night field sign.,2025-09-11T15:54:10.793255,#vibes #minimal,insta_148.jpg
Instagram,image,https://instagram.com/p/WuqSEB,2632,150,,8227,@jennifer14,Sell sign one property.,2025-09-19T06:54:10.793377,#trendy #festival #weekend #bts,insta_149.jpg
Instagram,image,https://instagram.com/p/CnkmdT,1516,145,,1551,@troymaddox,Become establish kitchen race.,2025-09-26T23:54:10.793609,#bts #minimal #summer,insta_150.jpg
Instagram,video,https://instagram.com/reel/KJoXqD,492,81,,2229,@ovelasquez,Note war only remain husband term become art PM could along father trip wind among.,2025-09-26T17:54:10.793765,#fashion #vibes,insta_151.jpg
Facebook,image,https://facebook.com/p/DbQztR,1329,36,122,2294,fb_16494,Between issue natural add someone table ever good law exactly every.,2025-09-30T09:54:10.793807,#trendy #style #ootd,insta_152.jpg
Facebook,video,https://facebook.com/reel/PIkIpd,2054,73,106,22480,fb_30171,My opportunity energy strategy decade economic trouble.,2025-09-06T06:54:10.793847,#minimal #daily #festival,insta_153.jpg
Facebook,image,https://facebook.com/p/UQOPaU,1004,60,5,9713,fb_16277,Trial structure property sure great great ahead either second personal attorney wish.,2025-09-17T23:54:10.793886,#daily #weekend #vibes #bts #summer,insta_154.jpg
Facebook,image,https://facebook.com/p/WrsqDA,4413,36,43,1778,fb_45797,Goal change price participant every staff stay service.,2025-09-02T15:54:10.793924,#ootd #fashion,insta_155.jpg
Instagram,video,https://instagram.com/reel/kwHlVL,3988,118,,42738,@catherinemelton,Stay place pressure instead will.,2025-09-22T11:54:10.794138,#weekend #reel,insta_156.jpg
Facebook,video,https://facebook.com/reel/rEHWyn,431,19,139,17310,fb_38902,Season series news receive sign weight meet lead just style style try research price walk.,2025-09-28T03:54:10.794181,#reel #festival,insta_157.jpg
Instagram,image,https://instagram.com/p/MiBqvb,1693,135,,6265,@mmartin,Instead start discussion wait blue resource.,2025-09-01T15:54:10.794331,#bts #reel #vibes,insta_158.jpg
Facebook,video,https://facebook.com/reel/bvqLrG,3642,119,58,35765,fb_97837,Arrive stop modern impact girl surface investment view candidate spring hotel less modern street.,2025-09-08T00:54:10.794372,#ootd #fashion #vibes #newlaunch,insta_159.jpg
Facebook,video,https://facebook.com/reel/OjdTVu,2346,96,15,42144,fb_87750,Food necessary her discuss represent.,2025-09-09T19:54:10.794409,#vibes #summer #newlaunch #fashion #minimal,insta_160.jpg
Instagram,video,https://instagram.com/reel/MfEUWs,3710,97,,34997,@brittney23,Hotel message professor.,2025-09-11T17:54:10.794530,#reel #style #vibes,insta_161.jpg
Instagram,video,https://instagram.com/reel/IQGVbO,4097,178,,15581,@corey11,Begin future set car rate throughout they.,2025-09-11T11:54:10.794666,#casual #fashion #festival #bts #reel,insta_162.jpg
Instagram,image,https://instagram.com/p/zGudYG,1292,13,,2924,@christinenguyen,Never establish during paper.,2025-08-31T09:54:10.794888,#minimal #ootd,insta_163.jpg
Instagram,image,https://instagram.com/p/lgxnMo,157,88,,7335,@mitchellcastillo,Them north reason such same either floor worker build consider drive suddenly budget may must.,2025-09-13T21:54:10.795109,#minimal #style #festival #vibes,insta_164.jpg
Facebook,image,https://facebook.com/p/NodfIm,3394,118,9,1963,fb_30976,Structure quite treatment candidate.,2025-09-06T10:54:10.795149,#ootd #style #daily #casual #weekend,insta_165.jpg
Instagram,image,https://instagram.com/p/xuTkzx,4717,46,,3708,@ithomas,Condition unit school able model plan whatever.,2025-09-19T02:54:10.795303,#daily #fashion #weekend #vibes #summer,insta_166.jpg
Instagram,video,https://instagram.com/reel/QzPUGm,3716,48,,2092,@craigtimothy,Deal question letter happen.,2025-09-27T19:54:10.795519,#style #casual,insta_167.jpg
Facebook,image,https://facebook.com/p/JFpMwF,506,136,41,4109,fb_26293,Newspaper politics really we so easy again science phone current concern up.,2025-09-16T21:54:10.795559,#summer #bts #trendy #festival #daily,insta_168.jpg
Instagram,video,https://instagram.com/reel/vTcvWD,2708,171,,13512,@daniel34,But figure responsibility west level community practice PM author account not teach time still where.,2025-09-08T05:54:10.795682,#vibes #trendy #daily #style,insta_169.jpg
Facebook,image,https://facebook.com/p/rTAIeR,487,114,34,3465,fb_68502,What voice enjoy spring range to involve his return.,2025-09-03T09:54:10.795738,#bts #minimal #daily #fashion,insta_170.jpg
Facebook,video,https://facebook.com/reel/btqHTr,2594,191,149,15554,fb_60929,Dog kitchen politics market wonder structure movie she shake tax job believe.,2025-09-24T09:54:10.795778,#vibes #summer #festival #daily,insta_171.jpg
Facebook,image,https://facebook.com/p/kDYxiG,2304,140,7,982,fb_35953,Only close nice knowledge half away her magazine.,2025-09-05T17:54:10.795829,#weekend #ootd,insta_172.jpg
Facebook,video,https://facebook.com/reel/mJYoGU,2292,88,38,17549,fb_81861,Here early car whole conference authority hand order that reach view.,2025-09-23T23:54:10.795894,#minimal #bts #trendy,insta_173.jpg
Instagram,video,https://instagram.com/reel/XKXvbf,4545,56,,10513,@phillipbrown,Provide nature already particular tonight fine billion after even place between third next less test.,2025-09-02T04:54:10.796178,#minimal #style,insta_174.jpg
Instagram,image,https://instagram.com/p/QRRatN,3780,124,,868,@jasoncunningham,Adult character push approach network.,2025-09-30T09:54:10.796403,#ootd #casual #vibes #trendy #daily,insta_175.jpg
Facebook,image,https://facebook.com/p/TJGhqD,2987,50,141,1449,fb_89963,Kitchen member public position sure school.,2025-09-28T03:54:10.796447,#festival #trendy #vibes #newlaunch,insta_176.jpg
Instagram,image,https://instagram.com/p/onecUF,3161,186,,7611,@abigailnielsen,Also themselves born ago.,2025-09-30T06:54:10.796664,#bts #fashion #summer #minimal #casual,insta_177.jpg
Facebook,image,https://facebook.com/p/mNLevh,900,107,41,4197,fb_79666,Someone recognize with energy southern.,2025-09-12T06:54:10.796706,#vibes #trendy,insta_178.jpg
Facebook,image,https://facebook.com/p/dnzqUK,298,126,28,8678,fb_30364,Development wear leg thing.,2025-09-04T06:54:10.796743,#minimal #festival,insta_179.jpg
Instagram,video,https://instagram.com/reel/IJXAmc,3113,72,,8493,@dali,Weight friend new room son very head quite visit look which.,2025-09-18T21:54:10.796935,#summer #daily #ootd #weekend #style,insta_180.jpg
Instagram,video,https://instagram.com/reel/MAIcnV,974,140,,45865,@ronald63,Method mouth their I cultural attorney as whole several.,2025-09-25T11:54:10.797064,#festival #reel,insta_181.jpg
Facebook,video,https://facebook.com/reel/rwypGh,3294,79,36,7516,fb_69161,Option drop voice interest point paper leg four treatment billion avoid site buy each.,2025-09-06T12:54:10.797106,#festival #summer #fashion #daily #trendy,insta_182.jpg
Facebook,image,https://facebook.com/p/SbBXRY,2818,5,101,9535,fb_16170,Anything charge specific instead protect any you player.,2025-09-29T11:54:10.797145,#daily #casual #style #bts,insta_183.jpg
Instagram,video,https://instagram.com/reel/XSxqOJ,4621,182,,33343,@josephcox,Write college listen rest treatment require right imagine.,2025-09-23T05:54:10.797361,#festival #minimal #daily #style #bts,insta_184.jpg
Instagram,video,https://instagram.com/reel/RBczIw,2973,53,,39577,@bmiller,Team name fear human culture election table read forward under.,2025-08-31T19:54:10.797518,#reel #style,insta_185.jpg
Instagram,video,https://instagram.com/reel/MGRzGV,2778,159,,43184,@zramirez,Cold student despite state management anything maintain show.,2025-09-29T19:54:10.797671,#festival #daily #minimal #newlaunch #reel,insta_186.jpg
Instagram,video,https://instagram.com/reel/LoTFPL,619,66,,23188,@elaine35,Material might decade carry.,2025-09-14T10:54:10.797793,#weekend #bts #casual,insta_187.jpg
Instagram,image,https://instagram.com/p/amIOWG,2652,148,,4922,@ctucker,Hit investment I early she that minute new much.,2025-09-03T10:54:10.797973,#style #summer,insta_188.jpg
Facebook,video,https://facebook.com/reel/USJLtS,1568,196,48,17204,fb_12915,Number happen compare usually not consider.,2025-09-18T05:54:10.798016,#casual #festival #minimal #ootd,insta_189.jpg
Facebook,video,https://facebook.com/reel/ZabUKo,1181,106,12,28098,fb_48788,Plant task thank watch force.,2025-09-14T17:54:10.798054,#ootd #festival #daily #weekend #style,insta_190.jpg
Facebook,image,https://facebook.com/p/UOkMzT,3049,181,70,1231,fb_74329,Newspaper three century ability person effort why office old.,2025-09-05T21:54:10.798092,#minimal #reel #style #weekend,insta_191.jpg
Instagram,video,https://instagram.com/reel/vZYNzs,4639,42,,49768,@zjones,Remain girl one eye show because oil.,2025-08-31T12:54:10.798255,#bts #summer #trendy,insta_192.jpg
Instagram,image,https://instagram.com/p/RorkAx,4101,178,,5527,@linjessica,Allow time oil against series positive attorney.,2025-09-09T15:54:10.798475,#bts #trendy #style,insta_193.jpg
Instagram,video,https://instagram.com/reel/hZIYCv,655,126,,40894,@paulmarshall,Movie arrive green camera.,2025-09-12T22:54:10.798694,#style #ootd #reel #minimal,insta_194.jpg
Instagram,video,https://instagram.com/reel/ymNMHb,3888,20,,38011,@bjacobs,Sound personal walk involve participant time.,2025-09-18T17:54:10.798847,#daily #bts,insta_195.jpg
Facebook,video,https://facebook.com/reel/oRekEs,2336,80,40,30481,fb_70018,Air tend audience seven too road tree government.,2025-09-13T02:54:10.798889,#weekend #festival,insta_196.jpg
Facebook,video,https://facebook.com/reel/lFvpXl,3981,5,140,41374,fb_64605,Prove heavy there themselves poor trade white southern Mrs.,2025-09-06T23:54:10.798942,#vibes #ootd,insta_197.jpg
Instagram,image,https://instagram.com/p/RgdlHd,4021,154,,3144,@dgray,Amount culture unit technology direction research land yet green.,2025-09-25T03:54:10.799113,#ootd #summer,insta_198.jpg
Facebook,video,https://facebook.com/reel/arkVsZ,1063,40,127,3428,fb_50787,Difference radio result interesting quickly college everyone all later without his member.,2025-09-05T11:54:10.799155,#summer #vibes #newlaunch,insta_199.jpg
Facebook,image,https://facebook.com/p/pNqNxV,2731,131,36,3598,fb_89673,Major spend level outside whether song attack large a plan feel lay.,2025-09-15T22:54:10.799194,#festival #weekend #vibes,insta_200.jpg
Facebook,image,https://facebook.com/p/TWgQYl,2726,151,106,4237,fb_95076,Light class gun price heart bad toward dog speak final trip share enough.,2025-09-16T10:54:10.799233,#style #weekend #ootd,insta_201.jpg
Facebook,image,https://facebook.com/p/aeRdOi,332,23,144,2497,fb_21869,Raise question behavior position quality walk wind these.,2025-09-06T15:54:10.799270,#trendy #fashion #vibes,insta_202.jpg
Instagram,image,https://instagram.com/p/TVYeLc,4872,189,,9800,@michelle12,Current someone seek business sea end exactly series others stay would know.,2025-09-14T11:54:10.799428,#trendy #vibes,insta_203.jpg
Facebook,image,https://facebook.com/p/MNGEoD,4611,128,127,2049,fb_73422,Cup bad successful because rate.,2025-09-06T03:54:10.799493,#ootd #bts #vibes #summer,insta_204.jpg
Instagram,video,https://instagram.com/reel/MFOojV,4837,157,,19042,@parkwilliam,Bank any plan land western various father establish today.,2025-09-18T08:54:10.799749,#casual #minimal #summer #daily,insta_205.jpg
Facebook,image,https://facebook.com/p/Mejnyt,661,183,75,7384,fb_98305,Whatever eight between opportunity worry herself writer pattern paper our sign until century.,2025-09-26T17:54:10.799795,#summer #festival,insta_206.jpg
Instagram,video,https://instagram.com/reel/kwZQMY,4027,157,,5826,@rgraham,Team challenge blood spring article think seven quality.,2025-09-04T14:54:10.799947,#fashion #style #weekend #trendy,insta_207.jpg
Facebook,video,https://facebook.com/reel/wcPItM,4323,181,88,46776,fb_84888,World purpose form security per shoulder Mrs drive smile according the.,2025-09-08T20:54:10.799999,#style #summer #daily #reel #ootd,insta_208.jpg
Instagram,image,https://instagram.com/p/lhYUti,4311,144,,8439,@wmahoney,Live four describe seem low bank.,2025-09-26T16:54:10.800172,#fashion #newlaunch #vibes,insta_209.jpg
Facebook,video,https://facebook.com/reel/OTjxKN,1857,71,83,30032,fb_14954,Drug friend country likely feel science although baby stay.,2025-09-17T07:54:10.800228,#weekend #bts #fashion #style,insta_210.jpg
Facebook,video,https://facebook.com/reel/QeQfXp,1480,33,6,10881,fb_50119,Reflect consumer admit indicate easy point born community pass face listen.,2025-09-28T00:54:10.800269,#reel #daily #trendy #bts #minimal,insta_211.jpg
Instagram,image,https://instagram.com/p/lDFKMR,2320,19,,2351,@oscarsanders,Campaign choose take sometimes budget yes discuss.,2025-09-21T19:54:10.800492,#vibes #summer,insta_212.jpg
Facebook,image,https://facebook.com/p/vQnsit,4036,98,143,3292,fb_87592,Attention your someone cover yard over will fish group home.,2025-09-10T10:54:10.800537,#vibes #summer #trendy #weekend #bts,insta_213.jpg
Instagram,image,https://instagram.com/p/QaKtPA,3030,111,,3013,@kgriffith,Phone program four significant heavy.,2025-09-16T17:54:10.800688,#reel #summer #newlaunch #weekend #bts,insta_214.jpg
Facebook,video,https://facebook.com/reel/YvlNAM,656,7,150,12809,fb_80076,Small prepare skin president involve assume movement maintain you.,2025-09-28T00:54:10.800730,#ootd #casual,insta_215.jpg
Facebook,video,https://facebook.com/reel/peNpfi,4221,43,56,22702,fb_89625,Need sister price always relate oil claim environmental and a another.,2025-09-29T09:54:10.800767,#ootd #daily #reel #newlaunch #minimal,insta_216.jpg
Facebook,image,https://facebook.com/p/XkscKo,3079,39,33,8049,fb_18184,Just prevent either enjoy relate center wall.,2025-09-01T02:54:10.800805,#weekend #reel #newlaunch #trendy #ootd,insta_217.jpg
Instagram,video,https://instagram.com/reel/bdfPwm,1987,27,,19425,@gabriel16,Ok believe kid stage add cell whatever approach.,2025-09-20T17:54:10.849098,#daily #festival #reel #vibes,insta_218.jpg
Facebook,video,https://facebook.com/reel/OfaTfF,4373,135,118,20235,fb_67816,Pattern feel sense fight door a red new west drug.,2025-09-27T07:54:10.849169,#festival #weekend #fashion #newlaunch,insta_219.jpg
Facebook,video,https://facebook.com/reel/jsoaeL,2949,194,99,41828,fb_48213,Truth determine recognize lay lay skin nice cause.,2025-09-21T09:54:10.849210,#weekend #bts #ootd #festival #newlaunch,insta_220.jpg
Facebook,image,https://facebook.com/p/IOjWlt,4001,60,144,3594,fb_63374,Measure born ever area.,2025-09-23T17:54:10.849249,#festival #summer #reel,insta_221.jpg
Facebook,video,https://facebook.com/reel/BRhDnJ,4831,49,54,7374,fb_51880,Argue deal information song every TV window program issue.,2025-09-02T08:54:10.849287,#summer #style #fashion #reel #bts,insta_222.jpg
Facebook,image,https://facebook.com/p/FiEDmb,2309,185,105,3413,fb_75310,Herself reality available whose open from continue wear.,2025-09-10T12:54:10.849339,#bts #fashion #vibes #trendy,insta_223.jpg
Instagram,video,https://instagram.com/reel/fDBxFr,4752,134,,36441,@davisshaun,Only hotel method let help over own sport condition.,2025-09-23T21:54:10.849625,#fashion #vibes #festival #weekend,insta_224.jpg
Facebook,image,https://facebook.com/p/FzJEPl,648,21,20,1175,fb_73847,Care he well watch official.,2025-09-15T05:54:10.849673,#summer #ootd #vibes #festival #trendy,insta_225.jpg
Facebook,video,https://facebook.com/reel/AMzcTB,4676,27,31,2774,fb_77603,Late force under ever various impact none.,2025-09-08T04:54:10.849713,#minimal #trendy #newlaunch #festival #reel,insta_226.jpg
Instagram,image,https://instagram.com/p/SVbhLX,1954,192,,9715,@ppatterson,Camera doctor happy billion necessary edge eight follow receive vote compare hot.,2025-09-18T00:54:10.849878,#bts #festival #daily #ootd #minimal,insta_227.jpg
Facebook,video,https://facebook.com/reel/QAXcsc,2513,15,24,40823,fb_74988,Include on voice free soldier successful bag.,2025-09-24T17:54:10.849934,#reel #trendy,insta_228.jpg
Facebook,video,https://facebook.com/reel/EyVKuk,1311,80,3,21075,fb_33059,Moment group especially note expect white member indeed government president week.,2025-09-15T22:54:10.849974,#trendy #vibes #newlaunch #style,insta_229.jpg
Facebook,image,https://facebook.com/p/bClENY,4971,130,69,9747,fb_13345,South performance finish popular dream necessary eye need.,2025-09-12T14:54:10.850013,#vibes #trendy,insta_230.jpg
Instagram,image,https://instagram.com/p/lVeeAq,390,70,,9518,@krobinson,Would will bed policy begin raise.,2025-09-25T11:54:10.850174,#vibes #fashion #trendy,insta_231.jpg
Instagram,video,https://instagram.com/reel/tFcSQi,102,170,,11629,@angelaporter,Anyone tonight program successful not who yard.,2025-09-05T00:54:10.850408,#ootd #bts #style #vibes,insta_232.jpg
Facebook,image,https://facebook.com/p/SJOuIX,170,97,80,1365,fb_38148,When at early offer Congress power themselves my soon set student.,2025-09-02T07:54:10.850452,#ootd #minimal #weekend #vibes #newlaunch,insta_233.jpg
Instagram,image,https://instagram.com/p/tgFJWV,3795,122,,3774,@youngsteven,Building notice explain remember road.,2025-09-22T11:54:10.850698,#style #summer,insta_234.jpg
Instagram,video,https://instagram.com/reel/BwFuez,2628,74,,23147,@jonthomas,Knowledge research quality explain development just how student Mr organization.,2025-09-03T23:54:10.850919,#reel #style #festival #daily,insta_235.jpg
Instagram,image,https://instagram.com/p/TOzqJe,1237,135,,8844,@kristina37,Large activity industry blood.,2025-10-01T03:54:10.851046,#summer #fashion,insta_236.jpg
Instagram,video,https://instagram.com/reel/avAaMQ,4127,98,,5340,@robertgreene,The energy low next summer season might pay product.,2025-09-03T18:54:10.851269,#festival #summer #style #ootd,insta_237.jpg
Facebook,image,https://facebook.com/p/czazyT,899,166,117,1473,fb_68402,Challenge us degree affect describe management threat base else energy.,2025-09-23T07:54:10.851313,#fashion #newlaunch #summer #style #festival,insta_238.jpg
Instagram,image,https://instagram.com/p/ifZiFt,1625,69,,2161,@george94,Thank authority writer cover production sing position inside.,2025-09-13T22:54:10.851434,#daily #newlaunch #vibes #weekend,insta_239.jpg
Facebook,image,https://facebook.com/p/OiAoRI,189,12,13,7614,fb_99251,Player Republican across full staff send civil evidence.,2025-09-24T16:54:10.851476,#daily #summer,insta_240.jpg
Facebook,image,https://facebook.com/p/DERogt,2197,93,52,8276,fb_20325,Power since chance suggest discussion their any claim again project do speech form police.,2025-09-09T08:54:10.851516,#ootd #daily,insta_241.jpg
Facebook,image,https://facebook.com/p/AqnEWX,2439,175,128,870,fb_91509,Now against concern like meet fund doctor room.,2025-09-30T16:54:10.851555,#vibes #style,insta_242.jpg
Instagram,video,https://instagram.com/reel/fHaeoH,4070,79,,46821,@richarddavis,Worry industry environmental even job skin church indeed night least although civil theory stage.,2025-09-18T13:54:10.851798,#summer #ootd #fashion #vibes #casual,insta_243.jpg
Instagram,image,https://instagram.com/p/lomwzJ,4997,128,,2314,@kimberly03,Money action find because particular.,2025-09-24T12:54:10.851924,#trendy #minimal #daily #festival #style,insta_244.jpg
Instagram,video,https://instagram.com/reel/LueNLz,750,184,,7291,@loganmeyers,Newspaper all take pretty discover system meet.,2025-09-13T04:54:10.852141,#festival #casual #reel #fashion,insta_245.jpg
Instagram,video,https://instagram.com/reel/UKHolP,1121,81,,14396,@iross,Option despite smile tough anyone become hand feel gun scientist level media.,2025-09-12T02:54:10.852296,#summer #newlaunch #reel #ootd #vibes,insta_246.jpg
Instagram,video,https://instagram.com/reel/duwFQQ,478,27,,4287,@markpatrick,Number difficult hundred staff analysis environmental business.,2025-09-20T10:54:10.852518,#fashion #trendy,insta_247.jpg
Instagram,video,https://instagram.com/reel/SYsKvh,1716,192,,44480,@carlos62,Several organization gun sport itself another.,2025-09-19T01:54:10.852642,#trendy #minimal #fashion,insta_248.jpg
Instagram,image,https://instagram.com/p/mnEvOC,2357,182,,9381,@jennifer52,Treatment watch analysis state defense author while be too simple ago citizen response.,2025-09-13T04:54:10.852783,#reel #daily,insta_249.jpg
Facebook,video,https://facebook.com/reel/CgQgLG,172,175,1,41442,fb_68608,Capital discussion describe ground stay group.,2025-09-29T13:54:10.852825,#festival #newlaunch #daily #style #reel,insta_250.jpg
Facebook,image,https://facebook.com/p/RXmXFN,3111,154,120,3798,fb_20065,Situation story serious person new deep indeed positive peace decision suggest cell your.,2025-09-11T12:54:10.852888,#minimal #reel #style #fashion #weekend,insta_251.jpg
Facebook,image,https://facebook.com/p/IkxvPM,908,181,99,2169,fb_73346,Where painting Congress.,2025-09-06T16:54:10.852928,#casual #reel #bts #summer,insta_252.jpg
Facebook,image,https://facebook.com/p/aPdQKa,3451,15,126,1483,fb_28452,Recognize some series believe population federal manager write woman add.,2025-09-30T11:54:10.852967,#reel #style #newlaunch #weekend #vibes,insta_253.jpg
Facebook,image,https://facebook.com/p/JEXjyV,2785,87,119,9759,fb_65061,Most probably national two fire cup guy.,2025-09-22T00:54:10.853005,#newlaunch #bts,insta_254.jpg
Facebook,image,https://facebook.com/p/cJAHDT,1191,181,73,1761,fb_35386,Attention its road scene something important program test.,2025-09-16T16:54:10.853043,#fashion #casual #festival #minimal,insta_255.jpg
Facebook,image,https://facebook.com/p/jGNzSQ,1792,146,127,2550,fb_97639,None office score coach describe be mouth system.,2025-09-04T11:54:10.853082,#newlaunch #festival #daily #reel,insta_256.jpg
Instagram,image,https://instagram.com/p/wBetEf,1759,182,,1123,@edwardseric,There meet mind capital current word manager.,2025-09-16T16:54:10.853307,#style #festival,insta_257.jpg
Facebook,video,https://facebook.com/reel/KtHrcw,1700,197,6,43465,fb_14082,Require beyond determine adult return season.,2025-09-16T15:54:10.853349,#festival #ootd,insta_258.jpg
Facebook,video,https://facebook.com/reel/zczpul,834,55,36,18152,fb_19728,Discuss expert policy reveal hot its.,2025-09-28T11:54:10.853385,#casual #ootd #vibes,insta_259.jpg
Instagram,image,https://instagram.com/p/iisOVu,3100,44,,4597,@ashelton,Recent good education.,2025-09-26T20:54:10.853543,#casual #weekend #bts #reel,insta_260.jpg
Facebook,image,https://facebook.com/p/ygJvoN,1735,156,87,2293,fb_41566,Not raise clear student turn.,2025-09-10T06:54:10.853583,#trendy #vibes,insta_261.jpg
Instagram,video,https://instagram.com/reel/NSqepM,508,190,,8831,@jesus96,Mrs recent head figure individual need.,2025-09-13T00:54:10.853705,#newlaunch #fashion #style #minimal #casual,insta_262.jpg
Instagram,image,https://instagram.com/p/agaSWd,3364,93,,943,@jessicafuller,Draw investment first wait report resource quickly food speak compare treatment.,2025-09-30T12:54:10.853949,#style #minimal #weekend #reel,insta_263.jpg
Facebook,video,https://facebook.com/reel/GyhZdP,278,174,99,28281,fb_30094,Real poor ask art box food protect trouble.,2025-08-31T16:54:10.853999,#fashion #casual #festival #summer #reel,insta_264.jpg
Instagram,video,https://instagram.com/reel/rNcJke,4327,19,,11232,@watsonsusan,Visit light industry interview wide scientist perform represent wear ago.,2025-09-09T18:54:10.854218,#reel #vibes #fashion,insta_265.jpg
Facebook,video,https://facebook.com/reel/NaJRKt,1593,121,113,49155,fb_71369,Paper door man leg evidence back.,2025-09-26T18:54:10.854260,#trendy #ootd #daily #newlaunch #festival,insta_266.jpg
Facebook,video,https://facebook.com/reel/qUCbMM,2098,6,120,13874,fb_79134,Mrs game business as property worry toward health person stop middle country under both list.,2025-09-10T14:54:10.854300,#summer #newlaunch,insta_267.jpg
Instagram,image,https://instagram.com/p/FBmUbe,2448,156,,2842,@chasecompton,Seek race customer trial law pressure employee suggest.,2025-09-07T05:54:10.854520,#minimal #casual #bts #newlaunch,insta_268.jpg
Instagram,video,https://instagram.com/reel/IZCtPU,122,145,,39372,@johnstonabigail,Here per area kitchen experience.,2025-09-19T13:54:10.854738,#trendy #ootd #bts,insta_269.jpg
Facebook,image,https://facebook.com/p/azskzH,2535,79,87,2403,fb_34486,Property drug contain really voice exist offer current off whose generation.,2025-09-15T21:54:10.854780,#style #bts #fashion #minimal,insta_270.jpg
Facebook,image,https://facebook.com/p/msuKsI,867,180,139,742,fb_18414,Suddenly entire indicate tough eat coach within media their business about letter.,2025-09-09T11:54:10.854837,#trendy #vibes #minimal,insta_271.jpg
Facebook,image,https://facebook.com/p/PsTxkQ,4372,35,138,2299,fb_55548,Free sister wall end.,2025-09-19T21:54:10.854876,#newlaunch #style #festival,insta_272.jpg
Facebook,video,https://facebook.com/reel/NRCUeY,4297,47,80,42754,fb_97036,Any range though great.,2025-09-13T17:54:10.854912,#reel #style #casual #summer #fashion,insta_273.jpg
Facebook,image,https://facebook.com/p/AFyLkh,198,82,12,8273,fb_21939,Exactly let that beat mention early.,2025-09-04T21:54:10.854949,#bts #reel #daily #fashion #minimal,insta_274.jpg
Facebook,video,https://facebook.com/reel/YywrJn,1458,114,35,18087,fb_63376,Perhaps into player too truth image contain truth modern structure bank system.,2025-09-30T15:54:10.854988,#daily #style #minimal #festival #weekend,insta_275.jpg
Facebook,image,https://facebook.com/p/iznxlV,1518,197,28,7961,fb_30483,Message condition size rich off concern guy wish commercial.,2025-09-08T11:54:10.855025,#festival #daily #casual #newlaunch,insta_276.jpg
Facebook,video,https://facebook.com/reel/GFLKON,2374,122,16,21953,fb_25836,Class everybody think lead audience manager free line.,2025-09-12T02:54:10.855062,#fashion #trendy,insta_277.jpg
Facebook,video,https://facebook.com/reel/pGJxsT,3544,75,143,4664,fb_83860,Fine kitchen investment form blood.,2025-09-15T11:54:10.855096,#trendy #daily #festival #reel #summer,insta_278.jpg
Facebook,image,https://facebook.com/p/uFxQUn,854,81,2,7108,fb_31064,Better nature real.,2025-09-27T15:54:10.855133,#newlaunch #casual #festival,insta_279.jpg
Facebook,image,https://facebook.com/p/mpersQ,3413,108,122,621,fb_39133,Cold foot many best nor ok require total ok stay go just for.,2025-09-03T20:54:10.855172,#newlaunch #casual,insta_280.jpg
Facebook,video,https://facebook.com/reel/UQrTSk,2886,108,30,41735,fb_69471,Economic where measure you beat foot soldier often wide animal matter.,2025-09-29T10:54:10.855208,#festival #summer #fashion,insta_281.jpg
Facebook,video,https://facebook.com/reel/TpCbcb,2302,157,105,36361,fb_88428,Doctor nearly purpose throw score.,2025-09-15T05:54:10.855244,#casual #daily #vibes #summer,insta_282.jpg
Instagram,video,https://instagram.com/reel/gORvqh,3034,64,,13518,@matthewneal,Later program official measure why firm government seek hundred treatment sure.,2025-09-24T09:54:10.855479,#bts #weekend #daily #summer,insta_283.jpg
Instagram,video,https://instagram.com/reel/CDPGTr,2445,23,,38371,@prush,Not trade bad operation hand subject piece talk.,2025-09-30T20:54:10.855640,#trendy #ootd #minimal #fashion #daily,insta_284.jpg
Facebook,image,https://facebook.com/p/wOvXQp,443,150,79,6804,fb_36606,Ten while price myself man field Mrs.,2025-09-07T21:54:10.855681,#ootd #fashion #weekend #trendy,insta_285.jpg
Facebook,image,https://facebook.com/p/StCPUQ,4099,118,14,1995,fb_52554,Pressure health provide head film officer.,2025-09-10T02:54:10.855718,#reel #fashion #festival,insta_286.jpg
Instagram,video,https://instagram.com/reel/uzXLcj,712,69,,2599,@anna37,Poor phone she company describe never.,2025-09-27T03:54:10.855838,#festival #fashion #newlaunch #daily,insta_287.jpg
Instagram,image,https://instagram.com/p/BcQdqW,2109,184,,7807,@iarnold,But although road former decide shoulder leave wrong only.,2025-08-31T10:54:10.856023,#casual #festival #trendy,insta_288.jpg
Instagram,image,https://instagram.com/p/yTZYqk,585,33,,7262,@sarah82,Job truth success could particularly.,2025-09-08T12:54:10.856147,#style #trendy,insta_289.jpg
Instagram,image,https://instagram.com/p/CnCQhk,3071,143,,1581,@ericdunn,Pay reason other Mrs speech them close church develop believe.,2025-09-10T12:54:10.856368,#newlaunch #ootd #reel #bts,insta_290.jpg
Instagram,image,https://instagram.com/p/pwzejE,1119,46,,1154,@garrettsimpson,Include bill rest firm audience value firm red customer point.,2025-09-26T22:54:10.856587,#trendy #casual #minimal,insta_291.jpg
Instagram,video,https://instagram.com/reel/SzjPAI,947,198,,18712,@davidriddle,Yard continue bar end per three television miss off international.,2025-09-22T18:54:10.856830,#style #summer,insta_292.jpg
Instagram,image,https://instagram.com/p/zwNQiu,1944,122,,2633,@richard62,Arrive production home clear meeting tough.,2025-09-20T20:54:10.856989,#daily #fashion,insta_293.jpg
Facebook,image,https://facebook.com/p/oMomnh,4294,142,46,9075,fb_10101,Will never cultural story buy adult method.,2025-09-14T07:54:10.857032,#fashion #minimal #weekend,insta_294.jpg
Instagram,image,https://instagram.com/p/cpIUar,2926,157,,3248,@gardnerpamela,Wonder entire forget stuff bed ability.,2025-09-05T01:54:10.857257,#style #summer #casual #bts,insta_295.jpg
Facebook,image,https://facebook.com/p/OiFHnO,4474,110,94,5958,fb_87404,Director avoid every others how play would reveal citizen.,2025-09-13T07:54:10.857300,#festival #casual,insta_296.jpg
Instagram,image,https://instagram.com/p/JIRLCW,3237,160,,3809,@adamsmatthew,On color fish hand value arrive.,2025-09-27T15:54:10.857516,#festival #daily #vibes,insta_297.jpg
Facebook,video,https://facebook.com/reel/GmgnDH,3779,25,53,45708,fb_16243,Everything teach us stock own lead step open purpose choose similar try.,2025-09-05T17:54:10.857558,#daily #newlaunch #vibes #style,insta_298.jpg
Instagram,video,https://instagram.com/reel/pPiEdC,1236,158,,31547,@villegasjohn,Establish surface report friend stage call public old rather true discover.,2025-09-12T23:54:10.857776,#bts #festival #summer,insta_299.jpg
Facebook,video,https://facebook.com/reel/Peyudt,3634,130,56,1794,fb_46229,Story provide show establish artist finally.,2025-09-20T06:54:10.857819,#festival #summer #daily #style,insta_300.jpg
Instagram,image,https://instagram.com/p/nmvOwe,233,124,,4426,@vramos,Beautiful stop law husband form money health fish paper expert individual raise.,2025-09-09T23:54:10.858004,#ootd #weekend #minimal,insta_301.jpg
Facebook,video,https://facebook.com/reel/LPcOBP,2235,113,15,41357,fb_89673,Nature else them large type thousand relate purpose professor plant southern factor.,2025-09-23T03:54:10.858076,#minimal #vibes #style,insta_302.jpg
Facebook,image,https://facebook.com/p/ZnMqLU,1214,71,85,1328,fb_55793,Ground hot stage believe enough find skill green serious movement.,2025-09-14T04:54:10.858118,#trendy #casual #newlaunch #daily,insta_303.jpg
Facebook,image,https://facebook.com/p/vRFOmP,1887,161,94,8290,fb_54562,Impact peace rather too president writer.,2025-09-16T17:54:10.858157,#ootd #weekend #festival #bts #summer,insta_304.jpg
Facebook,video,https://facebook.com/reel/IYQplG,4308,26,36,47977,fb_55071,Situation choice own subject many style such imagine some production low everything attorney.,2025-10-01T04:54:10.858196,#casual #bts #vibes #newlaunch,insta_305.jpg
Facebook,image,https://facebook.com/p/CCbWdE,2656,186,81,4571,fb_78955,Require ground color best control better difference.,2025-09-24T16:54:10.858233,#fashion #casual #daily #bts,insta_306.jpg
Instagram,image,https://instagram.com/p/CeGNZz,1774,100,,6388,@lozanodavid,Design race our really between southern describe financial other carry simple become.,2025-09-21T20:54:10.858478,#fashion #style,insta_307.jpg
Instagram,video,https://instagram.com/reel/JvoCOi,442,6,,8984,@dorothyperez,Outside community final such.,2025-09-03T14:54:10.858702,#reel #fashion #trendy #vibes,insta_308.jpg
Instagram,image,https://instagram.com/p/IPoaiZ,2540,62,,1602,@mark42,Important agent air Mr difference statement who fight person.,2025-09-23T19:54:10.858828,#style #trendy #fashion #newlaunch,insta_309.jpg
Instagram,image,https://instagram.com/p/JNTnmT,3774,113,,6899,@amber01,Trade mind south through modern sit occur ability information.,2025-09-24T15:54:10.858954,#casual #summer #newlaunch #weekend,insta_310.jpg
Instagram,image,https://instagram.com/p/KRFawx,3834,124,,3504,@cynthialee,Professional talk easy term fish deep investment.,2025-09-03T14:54:10.859205,#weekend #newlaunch #style #fashion,insta_311.jpg
Instagram,video,https://instagram.com/reel/gQuEVO,4418,173,,40796,@bnunez,Very about no prove teach.,2025-09-19T14:54:10.859365,#vibes #festival #bts #minimal,insta_312.jpg
Facebook,image,https://facebook.com/p/fhSiFS,144,89,64,3885,fb_18862,Her choose along those herself author tend difference put voice admit public yes.,2025-09-27T01:54:10.859408,#ootd #reel #fashion,insta_313.jpg
Facebook,video,https://facebook.com/reel/tNkKRP,1864,118,144,1792,fb_64235,Know law type throw own never have reality.,2025-09-18T16:54:10.859446,#style #casual #vibes,insta_314.jpg
Instagram,image,https://instagram.com/p/kFOkxU,432,78,,9981,@scott05,For myself ever president away image budget paper.,2025-09-28T17:54:10.859568,#vibes #style #summer,insta_315.jpg
Facebook,image,https://facebook.com/p/zBkfPK,4708,152,15,7231,fb_61768,Respond mind research whether available land dog me.,2025-09-02T15:54:10.859608,#reel #casual #weekend #fashion #summer,insta_316.jpg
Instagram,video,https://instagram.com/reel/HCrLBO,3258,98,,30240,@jessicaconrad,Analysis each project clear huge food north.,2025-09-16T18:54:10.859829,#fashion #weekend,insta_317.jpg
Facebook,image,https://facebook.com/p/XwCiRv,1732,151,131,9795,fb_85022,Agreement many PM seven policy consider.,2025-09-08T17:54:10.859870,#weekend #minimal #trendy #ootd,insta_318.jpg
Instagram,image,https://instagram.com/p/nylfMP,1578,164,,1584,@gregory10,Forward peace leg couple think song maintain.,2025-09-29T09:54:10.859995,#festival #reel #minimal,insta_319.jpg
Facebook,video,https://facebook.com/reel/sNUObc,3109,13,15,26481,fb_47943,Center she movement sea reality take network edge body.,2025-09-24T06:54:10.860037,#daily #vibes #minimal #festival,insta_320.jpg
Facebook,video,https://facebook.com/reel/WxlCPC,4465,79,123,5459,fb_80175,Allow woman whatever ability meeting catch read between probably air statement stock these floor loss community.,2025-09-22T14:54:10.860077,#festival #daily #summer #newlaunch #ootd,insta_321.jpg
Facebook,video,https://facebook.com/reel/RyNHpD,3352,51,52,49988,fb_43689,Job travel action executive bank.,2025-09-17T06:54:10.860115,#reel #casual #style #minimal #summer,insta_322.jpg
Instagram,video,https://instagram.com/reel/fTtaXx,4478,41,,43371,@brian62,Effect politics resource theory player.,2025-10-01T00:54:10.860265,#fashion #minimal #reel,insta_323.jpg
Instagram,image,https://instagram.com/p/rFJuZJ,2892,180,,881,@sarah46,Charge degree lawyer.,2025-09-01T04:54:10.860390,#festival #minimal #ootd #vibes #reel,insta_324.jpg
Instagram,video,https://instagram.com/reel/BPbFfU,3551,104,,20003,@veronicahernandez,Drive election real leader road she century.,2025-09-04T11:54:10.860612,#style #minimal #daily #reel #bts,insta_325.jpg
Facebook,video,https://facebook.com/reel/zHmynD,3266,133,62,8830,fb_13946,Suffer according recently specific or cut daughter be now.,2025-09-22T01:54:10.860654,#reel #vibes #fashion #trendy #newlaunch,insta_326.jpg
Instagram,video,https://instagram.com/reel/slektx,2916,154,,40257,@sellersmelissa,Risk book result.,2025-09-14T20:54:10.860886,#newlaunch #ootd #fashion,insta_327.jpg
Facebook,image,https://facebook.com/p/KYpXBa,2010,136,25,3218,fb_33075,Popular father political left anything old.,2025-09-23T11:54:10.860929,#reel #trendy #festival #ootd #vibes,insta_328.jpg
Instagram,video,https://instagram.com/reel/axkWzE,3470,83,,37980,@heidibarry,Language tree public federal wall style take reduce worker election range leader.,2025-10-01T04:54:10.861150,#fashion #style #festival #ootd #newlaunch,insta_329.jpg
Instagram,video,https://instagram.com/reel/bcCRGo,956,97,,11567,@williamsmichael,Hospital example across above evidence.,2025-09-22T21:54:10.861392,#trendy #summer,insta_330.jpg
Instagram,image,https://instagram.com/p/mClMRS,633,49,,9477,@rodriguezsteven,History authority detail sense professor people.,2025-09-18T23:54:10.861616,#bts #weekend #minimal #newlaunch,insta_331.jpg
Instagram,image,https://instagram.com/p/rnlHTe,1873,90,,4491,@bryan61,Table life share yard campaign.,2025-09-15T22:54:10.861739,#festival #fashion,insta_332.jpg
Facebook,image,https://facebook.com/p/owRGTR,3015,51,149,3162,fb_22041,Always unit nothing some seek exactly.,2025-09-20T05:54:10.861780,#style #summer #newlaunch #ootd #vibes,insta_333.jpg
Facebook,image,https://facebook.com/p/SOWyDs,2457,145,93,9802,fb_26803,Themselves break fund nice though support effect see laugh.,2025-09-27T15:54:10.861819,#reel #trendy,insta_334.jpg
Instagram,video,https://instagram.com/reel/XHwgDp,4476,18,,13269,@cbarrett,Score event design trade treatment degree fight between themselves professor.,2025-09-28T18:54:10.861972,#weekend #minimal,insta_335.jpg
Instagram,image,https://instagram.com/p/aqJKbW,3034,118,,8892,@garrettjane,Race away remember way outside goal leg.,2025-09-23T20:54:10.862192,#weekend #trendy,insta_336.jpg
Instagram,video,https://instagram.com/reel/kDuByk,217,138,,39682,@zsingh,Plan industry among experience respond happy new so.,2025-09-18T14:54:10.862364,#bts #daily #style #casual,insta_337.jpg
Facebook,video,https://facebook.com/reel/jdkSgd,2102,157,7,30955,fb_57024,Say maybe myself image.,2025-09-21T03:54:10.862406,#ootd #weekend #vibes #summer,insta_338.jpg
Instagram,video,https://instagram.com/reel/ZkXGWL,1386,80,,29998,@hbrooks,Skill language give exactly read thousand enough board.,2025-09-09T04:54:10.862559,#trendy #reel #weekend #summer #fashion,insta_339.jpg
Instagram,video,https://instagram.com/reel/oWXtpO,3894,25,,33915,@rosscody,According bit American he citizen.,2025-09-02T17:54:10.862779,#style #summer #vibes,insta_340.jpg
Facebook,video,https://facebook.com/reel/eSgSeK,2168,186,50,4341,fb_40583,News owner kitchen material behavior small real others model yes measure near.,2025-09-16T15:54:10.862821,#fashion #casual #festival,insta_341.jpg
Facebook,video,https://facebook.com/reel/OoNGZC,2901,159,111,21208,fb_13129,Cover anyone son as husband case away out to.,2025-09-14T10:54:10.862859,#style #bts,insta_342.jpg
Instagram,image,https://instagram.com/p/PaqcMZ,3977,57,,4844,@erin03,Fish third authority board quite.,2025-09-12T13:54:10.862978,#style #trendy,insta_343.jpg
Facebook,image,https://facebook.com/p/dmbkPx,4276,60,65,6130,fb_35104,Miss especially west shake explain family down.,2025-09-30T00:54:10.863018,#newlaunch #summer,insta_344.jpg
Instagram,video,https://instagram.com/reel/lXWuIy,4103,12,,24055,@megan41,Single reality tonight manager design candidate career.,2025-09-21T19:54:10.863137,#bts #daily #trendy,insta_345.jpg
Instagram,video,https://instagram.com/reel/fKjCRZ,4111,77,,42946,@cannonbenjamin,Natural set we do.,2025-09-28T08:54:10.863355,#vibes #style #daily,insta_346.jpg
Instagram,video,https://instagram.com/reel/tKJTmr,3209,181,,5146,@jose29,Huge against feeling professional as the.,2025-09-28T03:54:10.863497,#ootd #vibes,insta_347.jpg
Instagram,image,https://instagram.com/p/CmvddU,2798,186,,1253,@melaniebaker,Sound office people civil.,2025-09-19T00:54:10.863719,#ootd #bts #vibes #daily,insta_348.jpg
Instagram,video,https://instagram.com/reel/GtApQq,690,111,,19985,@larryward,Son woman from at without stop.,2025-09-03T20:54:10.863943,#style #trendy,insta_349.jpg
Facebook,image,https://facebook.com/p/PqQWUX,3400,101,14,3158,fb_55889,Step difference process level point.,2025-09-29T16:54:10.863990,#summer #style,insta_350.jpg
Facebook,image,https://facebook.com/p/vYuTsc,2175,178,102,1361,fb_30305,Various age common whatever manage story change.,2025-09-19T02:54:10.864029,#weekend #ootd #trendy #summer #festival,insta_351.jpg
Facebook,video,https://facebook.com/reel/PGJIuY,4325,151,104,32473,fb_23104,Mention discuss drug short successful American meet record.,2025-09-10T01:54:10.864067,#reel #casual #daily #newlaunch,insta_352.jpg
Facebook,image,https://facebook.com/p/djdWJY,473,48,99,3791,fb_55397,Would cold couple concern prepare class production country product kind.,2025-09-21T00:54:10.864105,#casual #fashion,insta_353.jpg
Instagram,video,https://instagram.com/reel/EZdkPh,4415,174,,12632,@jenniferford,Man ready step defense several.,2025-09-22T13:54:10.864328,#minimal #reel #festival #fashion,insta_354.jpg
Facebook,image,https://facebook.com/p/nUsAPS,1141,110,6,9957,fb_87819,Realize agree nice country might.,2025-09-12T06:54:10.864370,#newlaunch #weekend #reel #style,insta_355.jpg
Instagram,image,https://instagram.com/p/gDljKR,3192,127,,8435,@catherine08,Season here some keep lead ground start.,2025-09-18T09:54:10.864515,#vibes #bts #summer #weekend #festival,insta_356.jpg
Instagram,image,https://instagram.com/p/tWSOlO,3122,155,,1685,@rbentley,Goal such heart city reality three onto.,2025-09-08T02:54:10.864673,#summer #daily #ootd,insta_357.jpg
Facebook,image,https://facebook.com/p/gLxtTi,2664,55,79,7536,fb_69749,Tax dream it visit around prepare summer.,2025-09-20T19:54:10.864714,#festival #vibes #summer #bts #style,insta_358.jpg
Facebook,video,https://facebook.com/reel/MeuYNi,1930,106,138,5600,fb_29339,Enjoy born will similar soldier usually garden write size water.,2025-09-18T18:54:10.864754,#minimal #vibes,insta_359.jpg
Instagram,image,https://instagram.com/p/PzwLln,3971,36,,2655,@marshnancy,Whether bed daughter above back idea until process newspaper.,2025-09-07T08:54:10.864991,#reel #bts,insta_360.jpg
Facebook,video,https://facebook.com/reel/ygMtGi,4293,27,113,37618,fb_79969,Support agency it bit TV.,2025-09-17T09:54:10.865033,#newlaunch #minimal #reel,insta_361.jpg
Instagram,video,https://instagram.com/reel/XbwPSM,2477,61,,19847,@salazartiffany,Contain record job project single majority particularly research.,2025-09-11T03:54:10.865253,#fashion #summer,insta_362.jpg
Facebook,image,https://facebook.com/p/Ynyskc,2267,8,4,1999,fb_83110,Listen thing sure growth state information approach television.,2025-09-26T11:54:10.865295,#bts #vibes,insta_363.jpg
Facebook,image,https://facebook.com/p/IZEIDC,3254,147,29,6479,fb_34860,Family arm skin there tonight war glass suggest game.,2025-09-01T03:54:10.865332,#bts #casual #vibes,insta_364.jpg
Facebook,video,https://facebook.com/reel/PEWIia,3573,134,67,46852,fb_23624,Throughout help prepare what local wind.,2025-09-14T12:54:10.865370,#style #reel #newlaunch,insta_365.jpg
Instagram,image,https://instagram.com/p/HkiwAP,210,131,,4599,@emosley,Quickly rather again really.,2025-09-30T08:54:10.865528,#reel #ootd #newlaunch #festival,insta_366.jpg
Facebook,video,https://facebook.com/reel/XbQtkq,4874,53,29,6006,fb_80387,Song become available goal north.,2025-09-08T00:54:10.865576,#fashion #festival #casual #bts,insta_367.jpg
Instagram,image,https://instagram.com/p/DGewnQ,2341,135,,3327,@holtdan,With bank discuss record listen always newspaper.,2025-09-03T20:54:10.865797,#casual #summer #style #festival #ootd,insta_368.jpg
Facebook,image,https://facebook.com/p/ijcBMa,1288,174,125,9249,fb_28154,Central tough soon article stay better send chair.,2025-09-10T23:54:10.865840,#casual #vibes #ootd #style #trendy,insta_369.jpg
Instagram,image,https://instagram.com/p/nIIVly,4912,129,,3033,@bgarrett,Hold within sign white floor today serve grow American care.,2025-09-19T00:54:10.865993,#fashion #minimal #trendy #weekend #summer,insta_370.jpg
Instagram,video,https://instagram.com/reel/NvQJdv,3985,161,,44817,@averymarcus,Far help recently five.,2025-09-11T07:54:10.866210,#ootd #reel #minimal #summer #daily,insta_371.jpg
Instagram,image,https://instagram.com/p/kbZZpq,3078,40,,1393,@cbriggs,Factor phone both in first range computer.,2025-08-31T23:54:10.866365,#ootd #newlaunch #fashion,insta_372.jpg
Instagram,video,https://instagram.com/reel/BkqXHK,3014,70,,39755,@williamparker,Economy animal sign institution along.,2025-09-12T09:54:10.866581,#summer #weekend #fashion,insta_373.jpg
Facebook,image,https://facebook.com/p/ecGRNI,3144,118,28,9164,fb_83833,Impact career career participant party read house yard open Mrs.,2025-09-24T16:54:10.866639,#casual #fashion #summer,insta_374.jpg
Facebook,video,https://facebook.com/reel/FdsOpu,4621,18,103,10968,fb_36387,While clear stay water teach region language gun return member.,2025-09-17T22:54:10.866679,#weekend #reel #summer,insta_375.jpg
Facebook,image,https://facebook.com/p/hkdNWR,2049,27,30,5816,fb_38122,Easy rate approach.,2025-09-23T13:54:10.866717,#newlaunch #casual,insta_376.jpg
Facebook,video,https://facebook.com/reel/UkGkce,2655,175,9,41646,fb_28195,Training according include candidate performance hear dinner how.,2025-09-20T04:54:10.866754,#casual #ootd #summer #fashion #bts,insta_377.jpg
Facebook,image,https://facebook.com/p/kZuGxY,1249,167,129,5685,fb_60214,Wonder cover drive above next rather scientist name because significant again far dinner.,2025-09-15T20:54:10.866793,#vibes #summer #festival,insta_378.jpg
Facebook,video,https://facebook.com/reel/DJVACo,3146,192,123,5185,fb_48237,Throw make past within hold carry mission certain tree resource color get community.,2025-09-30T14:54:10.866832,#summer #bts #fashion #vibes #minimal,insta_379.jpg
Facebook,image,https://facebook.com/p/PLOnPD,3529,130,102,5106,fb_48336,Wait together interview sure meeting must different should.,2025-09-18T02:54:10.866870,#fashion #daily,insta_380.jpg
Facebook,video,https://facebook.com/reel/iYyeQy,3598,108,56,48888,fb_15987,Sometimes sea know about the some final paper nation organization bill alone white so often.,2025-09-27T23:54:10.866906,#minimal #daily,insta_381.jpg
Instagram,video,https://instagram.com/reel/JeuQYE,2856,184,,28426,@jameshuber,Participant water seem life here another person.,2025-09-09T10:54:10.867124,#trendy #summer #vibes #festival #fashion,insta_382.jpg
Facebook,video,https://facebook.com/reel/QJKiDC,3619,98,59,32598,fb_34058,Local himself economic travel true start performance million brother hotel.,2025-09-19T23:54:10.867166,#minimal #festival,insta_383.jpg
Facebook,image,https://facebook.com/p/YuvnYK,3135,75,129,8783,fb_50010,Their significant Democrat first same.,2025-09-25T05:54:10.867203,#trendy #fashion #daily,insta_384.jpg
Instagram,image,https://instagram.com/p/yrwxVy,2367,18,,6329,@eric43,Western industry enough style character coach plant window.,2025-09-08T13:54:10.867323,#bts #ootd #fashion,insta_385.jpg
Facebook,video,https://facebook.com/reel/DJkDYo,2291,196,91,17285,fb_48377,Where couple feel dream learn media compare.,2025-09-26T14:54:10.867363,#vibes #bts,insta_386.jpg
Facebook,image,https://facebook.com/p/ZejtPD,3075,186,119,1125,fb_75040,Activity least quality around under skin run already agency teach last.,2025-09-13T09:54:10.867401,#fashion #vibes #summer #minimal #weekend,insta_387.jpg
Facebook,image,https://facebook.com/p/BTmaWh,1324,180,145,3439,fb_42061,Drop list toward best.,2025-09-02T02:54:10.867439,#weekend #daily #vibes #ootd #fashion,insta_388.jpg
Facebook,image,https://facebook.com/p/TMvllR,311,141,60,6754,fb_42453,Piece series apply point late ball Congress former factor chair.,2025-09-16T19:54:10.867477,#festival #casual #daily #summer #weekend,insta_389.jpg
Instagram,image,https://instagram.com/p/SdHycw,397,125,,5242,@catherinepena,Late speech though.,2025-09-15T19:54:10.867717,#style #fashion #casual #festival,insta_390.jpg
Facebook,video,https://facebook.com/reel/PsKZpZ,561,106,52,47489,fb_47670,Left relate state contain speak morning attack.,2025-09-07T09:54:10.867761,#fashion #ootd,insta_391.jpg
Facebook,video,https://facebook.com/reel/fjpFYz,4640,10,129,37855,fb_50601,Nice fall win town force recognize though seem.,2025-09-07T08:54:10.867799,#reel #festival #weekend #casual #newlaunch,insta_392.jpg
Instagram,image,https://instagram.com/p/mGJPtc,3985,79,,7343,@schwartzjeanette,Group which relationship star hand.,2025-09-29T01:54:10.868018,#trendy #bts,insta_393.jpg
Instagram,image,https://instagram.com/p/IjKPDf,1954,178,,8358,@sarah40,Manager approach real front our already detail debate.,2025-09-21T15:54:10.868139,#minimal #daily #style,insta_394.jpg
Facebook,image,https://facebook.com/p/DoQIiK,573,146,120,5328,fb_73263,Foot Congress approach data bag family.,2025-09-08T17:54:10.868178,#reel #bts #newlaunch,insta_395.jpg
Facebook,image,https://facebook.com/p/ZoMWtw,2118,178,99,1709,fb_20247,Not trip impact foot again.,2025-09-04T14:54:10.868216,#vibes #fashion #daily,insta_396.jpg
Instagram,image,https://instagram.com/p/IKhmLK,3347,137,,6752,@thompsonelizabeth,There federal police minute boy front in the.,2025-09-12T10:54:10.868434,#minimal #ootd #reel #vibes,insta_397.jpg
Instagram,image,https://instagram.com/p/fErZjb,714,194,,5402,@derrick52,Continue reduce despite goal form reduce over.,2025-09-30T13:54:10.868557,#style #trendy,insta_398.jpg
Facebook,video,https://facebook.com/reel/AvgzrQ,1160,91,71,13344,fb_27242,Court could Mr decade result whose system.,2025-09-20T11:54:10.868597,#style #bts,insta_399.jpg
Facebook,video,https://facebook.com/reel/JUxItV,3582,126,8,37777,fb_47989,Environmental eight spend century.,2025-09-08T11:54:10.868633,#summer #minimal #festival #reel #trendy,insta_400.jpg
Facebook,image,https://facebook.com/p/CrZTKB,4077,151,57,2055,fb_55625,Part body bad mission security special beautiful on.,2025-09-12T18:54:10.868671,#ootd #style #festival,insta_401.jpg
Facebook,video,https://facebook.com/reel/AEHKJh,1873,15,141,15126,fb_97784,Outside sea later test what.,2025-09-26T20:54:10.868709,#weekend #casual #daily #summer,insta_402.jpg
Facebook,video,https://facebook.com/reel/UhVFBf,4728,151,66,34812,fb_95273,Per evidence gun commercial.,2025-09-13T01:54:10.868760,#vibes #weekend #casual #fashion #reel,insta_403.jpg
Facebook,video,https://facebook.com/reel/DeAopL,3368,187,123,43463,fb_39174,Style future four long.,2025-09-10T01:54:10.868802,#reel #trendy #summer #weekend,insta_404.jpg
Facebook,video,https://facebook.com/reel/whIfey,2570,150,8,43891,fb_92491,Necessary letter radio not door.,2025-09-11T22:54:10.868841,#newlaunch #bts #trendy #minimal #style,insta_405.jpg
Instagram,video,https://instagram.com/reel/TdzTFv,3651,77,,37983,@lbaker,Responsibility interesting box challenge why professor sing time professional.,2025-09-14T02:54:10.869020,#weekend #vibes #casual,insta_406.jpg
Instagram,video,https://instagram.com/reel/sobNuP,4732,28,,48702,@jessica04,Go issue lead start offer security.,2025-09-11T11:54:10.869145,#reel #casual,insta_407.jpg
Facebook,video,https://facebook.com/reel/tLTUuW,963,54,12,1880,fb_26674,Concern purpose again edge well.,2025-09-24T21:54:10.869185,#newlaunch #fashion #vibes #trendy #ootd,insta_408.jpg
Instagram,video,https://instagram.com/reel/SeINLx,817,63,,37938,@jeffreybowen,Hour still according interesting stuff large.,2025-09-26T04:54:10.869404,#daily #style #weekend,insta_409.jpg
Instagram,video,https://instagram.com/reel/FotaGX,3265,156,,5744,@jordanmichael,Benefit prepare avoid rise situation sense indicate truth however respond product performance.,2025-09-06T21:54:10.869626,#fashion #minimal #summer #trendy,insta_410.jpg
Instagram,video,https://instagram.com/reel/QAiFQW,3051,163,,10277,@pamelawilliams,Half fact side fine machine might officer half continue challenge current conference.,2025-09-01T16:54:10.869867,#weekend #minimal #festival,insta_411.jpg
Facebook,image,https://facebook.com/p/cwpRNe,4076,71,1,8902,fb_52946,Perhaps contain interesting data simply how.,2025-09-10T12:54:10.869910,#reel #minimal #weekend #ootd #casual,insta_412.jpg
Facebook,image,https://facebook.com/p/rVUPVZ,3901,190,115,3311,fb_13358,Picture similar use director pressure around conference less.,2025-09-04T10:54:10.869950,#vibes #summer #style,insta_413.jpg
Instagram,image,https://instagram.com/p/nWUZoF,531,70,,6965,@kyle88,Learn draw yet foot loss bad space special effect fight.,2025-09-18T05:54:10.870072,#trendy #festival,insta_414.jpg
Facebook,video,https://facebook.com/reel/AQdksQ,949,50,107,8705,fb_34169,Television sound interview thus message them represent boy.,2025-09-10T11:54:10.870114,#reel #minimal,insta_415.jpg
Instagram,image,https://instagram.com/p/pXqtNE,508,143,,650,@mackenzie80,Control full half teacher.,2025-09-13T20:54:10.870234,#fashion #newlaunch #reel #casual #vibes,insta_416.jpg
Instagram,video,https://instagram.com/reel/BpBozl,2173,58,,35831,@tkelly,Mr outside call only.,2025-09-15T21:54:10.870389,#casual #summer #reel,insta_417.jpg
Instagram,video,https://instagram.com/reel/UsbBbm,4557,108,,9681,@hinessara,Mission simple class know become third future young north produce miss career table.,2025-09-27T18:54:10.870607,#fashion #ootd,insta_418.jpg
Facebook,image,https://facebook.com/p/euhjtk,1843,14,73,9756,fb_14707,Final address dream avoid in heart someone.,2025-09-18T04:54:10.870650,#bts #newlaunch #fashion #weekend,insta_419.jpg
Instagram,video,https://instagram.com/reel/rWExLc,3630,59,,12831,@bfigueroa,Provide memory door factor himself.,2025-09-16T22:54:10.870802,#newlaunch #style,insta_420.jpg
Instagram,video,https://instagram.com/reel/EazsMg,4983,191,,17946,@alexander50,Among participant these others sea also trial strategy small time piece officer sister.,2025-09-04T00:54:10.870944,#vibes #casual,insta_421.jpg
Instagram,video,https://instagram.com/reel/VeZKXB,2649,58,,1638,@adriana88,Anyone glass travel.,2025-09-12T10:54:10.871066,#newlaunch #fashion #casual #reel,insta_422.jpg
Instagram,video,https://instagram.com/reel/ecLuGL,395,39,,33111,@michael09,Happy arm someone mind smile type art wonder audience spring.,2025-09-16T19:54:10.871190,#daily #ootd,insta_423.jpg
Instagram,image,https://instagram.com/p/YuUATC,1034,184,,3924,@jeffrey89,Daughter success process college floor major reach necessary back east.,2025-09-02T08:54:10.871312,#trendy #bts #fashion #weekend,insta_424.jpg
Instagram,video,https://instagram.com/reel/ZStfkq,2391,167,,32537,@dale43,Lose father hotel guy child something education.,2025-09-25T15:54:10.871435,#trendy #ootd #daily #newlaunch #vibes,insta_425.jpg
Instagram,image,https://instagram.com/p/rkWlug,256,187,,889,@sararay,Family onto arm early home.,2025-09-09T11:54:10.871657,#reel #festival,insta_426.jpg
Facebook,image,https://facebook.com/p/ZpLZIz,497,52,58,2109,fb_38160,System seat course relationship total head analysis song start hand.,2025-09-04T13:54:10.871698,#reel #newlaunch,insta_427.jpg
Facebook,video,https://facebook.com/reel/fYkmEJ,972,30,86,2902,fb_58740,Night today leader family drive economy model air side sport change step boy break.,2025-09-08T22:54:10.871738,#daily #fashion,insta_428.jpg
Instagram,video,https://instagram.com/reel/XSiLVl,4291,40,,5659,@casemia,Phone account small history for either piece range increase run reach check drop quickly.,2025-09-10T16:54:10.871965,#fashion #casual #ootd,insta_429.jpg
Facebook,video,https://facebook.com/reel/QcFQYl,1939,55,96,12127,fb_17477,Cultural wonder state lot begin plant.,2025-09-23T01:54:10.872014,#style #fashion,insta_430.jpg
Instagram,video,https://instagram.com/reel/zpVyQU,3168,119,,37883,@travistanner,Bar present fund people sport large.,2025-09-22T18:54:10.872234,#style #bts #vibes #newlaunch,insta_431.jpg
Instagram,video,https://instagram.com/reel/eMnOiJ,442,78,,24616,@amandamcdonald,Amount marriage set consider rate statement.,2025-09-15T19:54:10.872453,#vibes #summer #ootd,insta_432.jpg
Instagram,video,https://instagram.com/reel/qGHEvh,2815,83,,3328,@kerri66,Whole cut staff use fine road test.,2025-09-12T01:54:10.872575,#vibes #minimal #newlaunch #casual #daily,insta_433.jpg
Facebook,video,https://facebook.com/reel/tkmRoY,4161,79,147,40234,fb_60641,Officer manage account than it paper citizen.,2025-09-09T00:54:10.872617,#ootd #newlaunch,insta_434.jpg
Instagram,image,https://instagram.com/p/FOYtTB,1415,119,,7860,@kristin82,Put action read interview watch road real paper.,2025-09-10T14:54:10.872736,#ootd #festival #minimal #summer #weekend,insta_435.jpg
Facebook,image,https://facebook.com/p/FxUsov,2105,171,143,7121,fb_85294,Rate responsibility claim high safe morning either.,2025-09-16T23:54:10.872778,#festival #summer #reel #newlaunch,insta_436.jpg
Instagram,image,https://instagram.com/p/wAuzmV,4118,42,,1938,@gsimpson,My growth go state throughout religious pretty scientist focus account letter activity.,2025-09-17T13:54:10.872948,#weekend #bts #minimal #vibes #trendy,insta_437.jpg
Instagram,video,https://instagram.com/reel/muwBGC,4198,92,,26859,@davidreese,Nothing market stuff ok individual least media black commercial majority world final there.,2025-09-03T10:54:10.873192,#style #festival #casual #weekend #newlaunch,insta_438.jpg
Facebook,image,https://facebook.com/p/efewIM,1033,183,106,7698,fb_45718,Use prove same evidence decide poor year skill itself during recent.,2025-09-28T08:54:10.873238,#weekend #fashion #bts #trendy,insta_439.jpg
Facebook,image,https://facebook.com/p/AxMxPH,3017,179,67,5635,fb_49984,Animal might pick any short popular.,2025-09-15T22:54:10.873278,#bts #reel #casual #vibes #weekend,insta_440.jpg
Instagram,video,https://instagram.com/reel/ibtTXd,772,180,,8437,@amysoto,Check son start cover.,2025-09-02T20:54:10.873495,#weekend #daily #festival #summer #fashion,insta_441.jpg
Facebook,video,https://facebook.com/reel/RKtWYG,2157,171,125,18467,fb_42058,Local federal available likely seven statement simply current feel.,2025-09-14T01:54:10.873538,#weekend #reel #newlaunch #trendy,insta_442.jpg
Facebook,image,https://facebook.com/p/iaemAC,1538,181,5,1468,fb_65465,View image southern tree difficult face knowledge hope he memory hope open.,2025-09-01T01:54:10.873579,#daily #casual #fashion,insta_443.jpg
Facebook,video,https://facebook.com/reel/JPelpV,2854,193,104,34220,fb_37823,Happy let stuff standard leave at husband.,2025-09-22T23:54:10.873616,#fashion #casual #daily #festival #style,insta_444.jpg
Instagram,video,https://instagram.com/reel/paEbqU,2714,166,,27132,@carlamitchell,Experience other room recent.,2025-09-03T04:54:10.873835,#bts #summer #vibes #weekend,insta_445.jpg
Instagram,image,https://instagram.com/p/fnUJjx,447,177,,2068,@kherrera,Heart experience make board practice bar then than ability region.,2025-09-27T08:54:10.874002,#festival #weekend #summer,insta_446.jpg
Facebook,video,https://facebook.com/reel/jsNTXc,4339,142,128,18124,fb_44357,Even one big note fall radio final news wrong protect dinner.,2025-09-12T20:54:10.874044,#newlaunch #reel #summer #style,insta_447.jpg
Facebook,video,https://facebook.com/reel/QEKAQH,982,161,98,21451,fb_99817,Meet despite marriage century recently green without relate weight data.,2025-09-18T07:54:10.874089,#newlaunch #daily #fashion #ootd,insta_448.jpg
Instagram,image,https://instagram.com/p/mnzYFx,3121,137,,4423,@martinezbrenda,Popular eat production pattern head house realize east consider.,2025-09-24T12:54:10.874324,#ootd #trendy #style #vibes #reel,insta_449.jpg
Facebook,image,https://facebook.com/p/GlKJlZ,2149,122,114,5061,fb_68705,Do experience phone ten religious green few fine start theory area.,2025-09-18T07:54:10.874369,#minimal #daily,insta_450.jpg
Instagram,image,https://instagram.com/p/PmMpHz,1636,150,,4198,@amberturner,Attention garden many trial.,2025-09-09T23:54:10.874587,#minimal #fashion #festival #casual #ootd,insta_451.jpg
Facebook,image,https://facebook.com/p/DRTeRo,3183,45,123,8517,fb_65121,War because maybe interesting space different not well style statement.,2025-09-03T15:54:10.874629,#vibes #casual #minimal #style #trendy,insta_452.jpg
Facebook,video,https://facebook.com/reel/aEuUEX,1996,168,13,20812,fb_30740,Popular different concern.,2025-09-07T11:54:10.874667,#weekend #summer,insta_453.jpg
Facebook,image,https://facebook.com/p/OPdslg,1994,85,25,651,fb_89451,Month budget check stand career sort possible maybe character off.,2025-09-01T06:54:10.874703,#summer #daily,insta_454.jpg
Facebook,video,https://facebook.com/reel/WJbaDa,205,105,96,10545,fb_79909,Nor likely yourself task very back after worker.,2025-09-15T09:54:10.874740,#bts #minimal #style #daily #festival,insta_455.jpg
Instagram,image,https://instagram.com/p/OcrEQr,2463,151,,3460,@bobthornton,West at there realize focus enough accept decade young long.,2025-09-22T05:54:10.874957,#casual #daily #style #ootd #minimal,insta_456.jpg
Facebook,video,https://facebook.com/reel/EGwezR,4210,75,60,20931,fb_32546,Nearly contain study window.,2025-09-23T07:54:10.874997,#casual #festival,insta_457.jpg
Facebook,image,https://facebook.com/p/YJEvmv,3986,65,129,8373,fb_68096,Write television in too win our.,2025-09-15T02:54:10.875035,#fashion #trendy #festival,insta_458.jpg
Instagram,image,https://instagram.com/p/nmUWZP,823,65,,5524,@tiffanydunn,Seat good responsibility total whose mean.,2025-09-09T03:54:10.875278,#summer #minimal #fashion,insta_459.jpg
Instagram,image,https://instagram.com/p/zfXIGX,2465,67,,1799,@alexander40,Truth test learn sign our ready his quickly throughout.,2025-09-17T00:54:10.875406,#minimal #summer #bts,insta_460.jpg
Instagram,video,https://instagram.com/reel/HIAQfU,3902,157,,36540,@crossbrooke,Interesting notice bit threat deal since study head morning song.,2025-09-08T08:54:10.875625,#festival #summer #reel #casual #trendy,insta_461.jpg
Facebook,video,https://facebook.com/reel/NKrqUT,1476,186,81,24244,fb_43038,Such organization computer stop what.,2025-09-01T10:54:10.875668,#vibes #trendy #summer #bts,insta_462.jpg
Facebook,video,https://facebook.com/reel/ArxpUw,3214,192,27,35442,fb_23685,Affect doctor population should decision still feel his above.,2025-09-07T09:54:10.875706,#newlaunch #ootd #fashion,insta_463.jpg
Facebook,image,https://facebook.com/p/LeJscu,1673,154,12,7719,fb_55669,Oil walk enjoy grow first tend majority avoid economy young.,2025-09-09T00:54:10.875744,#ootd #fashion #summer,insta_464.jpg
Facebook,image,https://facebook.com/p/ScWhLa,2717,32,140,5253,fb_61020,Law its ten tough assume stand mouth improve.,2025-09-21T20:54:10.875781,#vibes #weekend,insta_465.jpg
Instagram,image,https://instagram.com/p/cUcwdR,159,47,,6784,@gomezcrystal,Recently us mission great arrive left speak outside until.,2025-09-01T17:54:10.875996,#casual #summer #vibes #festival,insta_466.jpg
Instagram,image,https://instagram.com/p/FzIZBB,1490,35,,2213,@sroy,Us between brother story pay person show sport however avoid close.,2025-09-09T14:54:10.876151,#ootd #trendy #newlaunch #bts,insta_467.jpg
Instagram,image,https://instagram.com/p/iVreJh,3057,186,,5648,@bedwards,Either yourself now exactly avoid.,2025-09-08T11:54:10.876330,#summer #style #minimal #daily,insta_468.jpg
Facebook,video,https://facebook.com/reel/BOLSiM,3512,187,94,9615,fb_52242,Film control quality story foreign admit billion pay production buy beyond young.,2025-09-05T15:54:10.876373,#newlaunch #fashion #bts #festival #daily,insta_469.jpg
Instagram,image,https://instagram.com/p/FBLeyf,2090,19,,2286,@nicoleholland,Late still whole especially charge.,2025-09-27T22:54:10.876590,#ootd #newlaunch #fashion,insta_470.jpg
Facebook,video,https://facebook.com/reel/HSoaNS,2095,152,136,11057,fb_85066,Window environment issue country total get single space evidence.,2025-09-18T20:54:10.876633,#style #newlaunch #vibes #bts #reel,insta_471.jpg
Instagram,image,https://instagram.com/p/TZRTMq,923,54,,7670,@foxjacob,Inside out explain recently really.,2025-09-05T09:54:10.876849,#vibes #daily,insta_472.jpg
Instagram,image,https://instagram.com/p/NvwWEx,3118,65,,9531,@jonathan19,On yes friend finally more believe.,2025-09-11T23:54:10.876984,#weekend #bts #casual,insta_473.jpg
Facebook,video,https://facebook.com/reel/SgCyyn,4064,113,72,41778,fb_95511,Recent artist final expect responsibility little team such adult party avoid paper dog.,2025-09-29T12:54:10.877026,#vibes #reel,insta_474.jpg
Instagram,video,https://instagram.com/reel/mtPrxi,3229,145,,46332,@grahamkevin,Occur various beautiful.,2025-09-08T13:54:10.877245,#casual #festival #summer #trendy #weekend,insta_475.jpg
Instagram,image,https://instagram.com/p/MsQDcF,1133,113,,1454,@barnettjohn,Wrong each let thought page staff.,2025-09-30T01:54:10.877488,#daily #vibes #bts #reel,insta_476.jpg
Facebook,video,https://facebook.com/reel/shphvp,2977,169,129,23678,fb_42840,Western election group special.,2025-09-19T03:54:10.877534,#bts #ootd #daily,insta_477.jpg
Instagram,image,https://instagram.com/p/KDeKCB,4556,176,,9427,@camachokimberly,Play idea four popular trip.,2025-09-26T23:54:10.877752,#minimal #style #festival #fashion,insta_478.jpg
Facebook,video,https://facebook.com/reel/MOTHDM,3015,195,73,47529,fb_47957,Early sea least everyone protect probably.,2025-09-19T14:54:10.877794,#ootd #festival #casual #daily #reel,insta_479.jpg
Instagram,video,https://instagram.com/reel/yxnYYm,1094,70,,49418,@calvinmoody,Onto quickly speech build area inside program wish.,2025-09-01T08:54:10.878012,#reel #newlaunch #trendy,insta_480.jpg
Instagram,video,https://instagram.com/reel/kbpbXu,2465,13,,6704,@misty38,Bit information across ahead recent could discussion want dog share team road.,2025-09-29T11:54:10.878137,#festival #daily #weekend #trendy #newlaunch,insta_481.jpg
Instagram,video,https://instagram.com/reel/xolYHN,3340,93,,9913,@brandinelson,Drug all national research open public above.,2025-08-31T06:54:10.878358,#trendy #reel #festival,insta_482.jpg
Facebook,video,https://facebook.com/reel/IEzzuV,3584,18,123,33492,fb_40797,Suffer whether there small last community imagine scene will source interview likely top.,2025-09-24T16:54:10.878418,#trendy #summer,insta_483.jpg
Instagram,image,https://instagram.com/p/NJPdqJ,1978,148,,6327,@melanie00,Hear central student space available provide particularly poor another capital.,2025-09-19T01:54:10.878543,#style #trendy #ootd,insta_484.jpg
Facebook,image,https://facebook.com/p/sKwvng,2893,112,48,7050,fb_60074,Fly others six such million trouble person mouth own police.,2025-09-28T20:54:10.878584,#fashion #daily #reel #weekend #festival,insta_485.jpg
Instagram,image,https://instagram.com/p/GkHUlm,2301,83,,8329,@davidcohen,Stock performance on mouth goal.,2025-09-01T05:54:10.878801,#casual #weekend,insta_486.jpg
Instagram,video,https://instagram.com/reel/oCyoyb,1032,66,,17869,@stevensimmons,Both bill realize military.,2025-09-17T12:54:10.879021,#minimal #style #festival #summer #fashion,insta_487.jpg
Facebook,image,https://facebook.com/p/EhVUYD,884,144,84,7758,fb_21127,Partner position country important four investment agent heart government speak ahead.,2025-09-05T11:54:10.879064,#summer #fashion #casual #style,insta_488.jpg
Instagram,video,https://instagram.com/reel/LuovMa,4319,196,,22399,@medinanathan,Skin meeting local billion situation huge recognize us interesting interview information as top now.,2025-09-19T12:54:10.879282,#casual #bts #ootd #festival,insta_489.jpg
Facebook,video,https://facebook.com/reel/Ougajk,3393,37,87,44226,fb_26406,Price employee ok hospital price large key ahead know able door suggest head wrong open.,2025-09-20T18:54:10.879325,#festival #fashion #trendy #bts #casual,insta_490.jpg
Instagram,image,https://instagram.com/p/KRxBQx,4379,108,,997,@grayvernon,War close security ahead purpose focus TV until you.,2025-09-16T06:54:10.879561,#style #weekend,insta_491.jpg
Instagram,image,https://instagram.com/p/mExLDF,900,81,,6257,@jonathan52,Bill fill outside remain five prepare have.,2025-09-24T22:54:10.879688,#daily #bts #fashion #festival,insta_492.jpg
Instagram,video,https://instagram.com/reel/vxQSbm,2661,141,,22404,@travischambers,Debate responsibility dog.,2025-09-29T05:54:10.879906,#newlaunch #minimal,insta_493.jpg
Instagram,video,https://instagram.com/reel/UYdVlC,2706,108,,25524,@fhanson,Left specific situation his forget benefit cup none nothing feeling note.,2025-09-13T19:54:10.880062,#summer #casual #weekend #festival #reel,insta_494.jpg
Instagram,image,https://instagram.com/p/csONuN,2751,53,,4396,@mary67,Determine factor year next.,2025-09-13T00:54:10.880186,#daily #reel #vibes #summer,insta_495.jpg
Facebook,image,https://facebook.com/p/EostYn,3489,103,59,4300,fb_36853,Everybody alone operation south thus build.,2025-09-21T06:54:10.880227,#weekend #minimal #fashion,insta_496.jpg
Instagram,video,https://instagram.com/reel/wPHtXD,3134,168,,21479,@jacobluna,Almost thought from cause inside.,2025-09-03T08:54:10.880446,#vibes #weekend #daily #newlaunch,insta_497.jpg
Facebook,video,https://facebook.com/reel/GrZMTH,1547,6,21,49449,fb_11839,Two society professor model however inside throw.,2025-09-10T16:54:10.880488,#bts #trendy #daily #fashion #weekend,insta_498.jpg
Facebook,image,https://facebook.com/p/fQTQac,2441,144,104,7909,fb_59520,Thank blue with ten help.,2025-09-27T03:54:10.880534,#weekend #fashion #ootd #newlaunch,insta_499.jpg
Instagram,video,https://instagram.com/reel/gxFgTQ,3316,56,,44046,@vmoore,Ask single plan never history performance.,2025-09-13T14:54:10.880699,#fashion #summer #style #weekend,insta_500.jpg
Instagram,image,https://instagram.com/p/xKydhq,1420,132,,3086,@annamccullough,Walk how join economic ten personal his really explain fast popular.,2025-09-08T07:54:10.880939,#summer #daily #reel #vibes,insta_501.jpg
Instagram,video,https://instagram.com/reel/pKfFZI,463,121,,49617,@pschmidt,Hand suffer boy piece cost here four second region young born radio effort happen service thus.,2025-09-26T18:54:10.881096,#style #daily #weekend #trendy,insta_502.jpg
Instagram,image,https://instagram.com/p/avkAGU,1904,113,,8691,@marystark,Everybody join traditional population wonder realize article international scene form vote.,2025-09-30T00:54:10.881315,#ootd #style #festival,insta_503.jpg
Instagram,video,https://instagram.com/reel/QORdhc,959,84,,7451,@regina73,Seem yes let remain compare try newspaper charge.,2025-09-07T14:54:10.881438,#reel #casual,insta_504.jpg
Instagram,image,https://instagram.com/p/PXnIMU,4274,118,,2908,@millerleah,Hope must trial best along believe popular myself order.,2025-09-26T22:54:10.881678,#daily #style #vibes,insta_505.jpg
Instagram,image,https://instagram.com/p/nAVXIY,4559,107,,7864,@ashley89,Fear growth bill daughter drug significant office democratic project personal.,2025-09-22T00:54:10.881803,#daily #weekend,insta_506.jpg
Instagram,image,https://instagram.com/p/lXJshI,3786,168,,6503,@wwelch,Short own serve industry person song project produce.,2025-09-14T08:54:10.881959,#bts #trendy #ootd,insta_507.jpg
Facebook,video,https://facebook.com/reel/BJvykc,1396,50,35,27631,fb_92213,Represent executive firm trip recognize blue trade open establish usually perhaps mean.,2025-09-03T06:54:10.882000,#festival #newlaunch #weekend #daily #minimal,insta_508.jpg
Facebook,video,https://facebook.com/reel/lgGbAg,1886,167,35,3746,fb_80234,Common treatment guy author win then hot industry sister support cell democratic happen interesting rather.,2025-09-28T02:54:10.882040,#trendy #fashion #style #ootd,insta_509.jpg
Instagram,video,https://instagram.com/reel/BceAgq,3158,191,,29603,@williammcknight,Share son know main kid fact.,2025-09-29T20:54:10.882265,#ootd #festival #minimal #newlaunch #reel,insta_510.jpg
Instagram,image,https://instagram.com/p/dMLmsz,2418,164,,6695,@nancy76,Back news song.,2025-09-14T11:54:10.882389,#weekend #ootd #trendy #festival,insta_511.jpg
Instagram,image,https://instagram.com/p/ZpaeEU,210,40,,8798,@bestmicheal,Peace a address end drop station easy government environmental.,2025-09-10T04:54:10.882612,#daily #bts #newlaunch,insta_512.jpg
Facebook,image,https://facebook.com/p/yctPtC,3909,40,28,7474,fb_11264,Once raise environmental themselves body father improve son town teacher stop begin.,2025-09-24T13:54:10.882655,#weekend #style,insta_513.jpg
Instagram,image,https://instagram.com/p/tBheui,3166,25,,9906,@aashley,Wide catch everyone low.,2025-09-13T15:54:10.882826,#daily #ootd,insta_514.jpg
Facebook,image,https://facebook.com/p/gpiNDP,637,64,24,3374,fb_37842,Note determine friend four left time.,2025-08-31T20:54:10.882868,#ootd #casual #newlaunch,insta_515.jpg
Instagram,image,https://instagram.com/p/qRpEaw,2971,24,,9602,@frenchbryan,Side six first.,2025-09-16T18:54:10.883084,#style #vibes,insta_516.jpg
Instagram,video,https://instagram.com/reel/VBkDgS,3101,81,,19208,@ihartman,Sea source item kitchen glass hundred should just answer campaign section memory.,2025-09-20T22:54:10.883239,#ootd #bts #trendy #fashion #casual,insta_517.jpg
Facebook,image,https://facebook.com/p/Rxsnor,4771,55,26,7533,fb_69522,Vote face guess officer voice wait history cell determine smile build where.,2025-09-28T15:54:10.883280,#minimal #daily,insta_518.jpg
Instagram,video,https://instagram.com/reel/NfRcpZ,1678,24,,20780,@kanestanley,Always ago certain down word quality project eight until federal threat.,2025-09-10T11:54:10.883496,#daily #minimal #bts #weekend,insta_519.jpg
Instagram,video,https://instagram.com/reel/XZInZz,4047,113,,23576,@munozamanda,Blue step stock plan now amount recent serious recognize.,2025-09-27T11:54:10.883718,#summer #bts #festival #trendy #style,insta_520.jpg
Instagram,image,https://instagram.com/p/xQxWqX,375,13,,1055,@brian03,Character authority course manager add benefit deep join.,2025-09-11T17:54:10.883859,#casual #reel #festival #style #daily,insta_521.jpg
Facebook,video,https://facebook.com/reel/wrAEsr,4373,99,65,8276,fb_42822,Need necessary necessary.,2025-09-02T20:54:10.883902,#vibes #trendy #ootd,insta_522.jpg
Instagram,image,https://instagram.com/p/yruBaV,649,150,,5008,@melissa86,Call difference consumer simply threat huge career treat.,2025-09-07T11:54:10.884027,#newlaunch #minimal #summer #bts #ootd,insta_523.jpg
Facebook,image,https://facebook.com/p/IDdjBu,4177,12,108,9703,fb_12829,Several concern responsibility themselves think with sometimes sure interview establish heavy person think.,2025-09-30T07:54:10.884071,#bts #reel #summer #trendy,insta_524.jpg
Facebook,video,https://facebook.com/reel/pxWnny,1017,85,46,27770,fb_36389,Develop even collection gun yourself next.,2025-09-29T10:54:10.884109,#vibes #festival #casual,insta_525.jpg
Instagram,video,https://instagram.com/reel/bpQBaz,893,15,,20684,@martinjoseph,Finally practice network despite pass out moment population never look teacher.,2025-09-05T04:54:10.884328,#style #weekend,insta_526.jpg
Facebook,image,https://facebook.com/p/ugWERp,808,27,33,6717,fb_75041,Team eye military stock day network or white inside.,2025-09-26T06:54:10.884371,#trendy #daily #newlaunch,insta_527.jpg
Facebook,image,https://facebook.com/p/hCTwOB,1927,6,109,1994,fb_74068,Huge agreement ahead available its affect over question or population book military form.,2025-09-16T10:54:10.884409,#summer #daily #weekend #festival,insta_528.jpg
Facebook,video,https://facebook.com/reel/kMifbl,4269,119,128,25901,fb_18949,For apply population card page.,2025-09-06T06:54:10.884447,#festival #casual,insta_529.jpg
Instagram,image,https://instagram.com/p/YlxDBa,4708,185,,4859,@jacobcrawford,Arm bill training management western step.,2025-08-31T23:54:10.884664,#weekend #newlaunch #daily #ootd,insta_530.jpg
Instagram,video,https://instagram.com/reel/BleMzt,3329,183,,10410,@samuelmendez,Success dog here role ready similar part yourself attention happy.,2025-09-08T11:54:10.884915,#trendy #style #minimal,insta_531.jpg
Facebook,image,https://facebook.com/p/YPwAEh,2847,151,5,7140,fb_40565,And often son mother do event American.,2025-09-27T01:54:10.884961,#reel #minimal #daily #weekend,insta_532.jpg
Facebook,video,https://facebook.com/reel/EqSkux,2565,104,124,15210,fb_39361,Task support great news summer shake.,2025-09-17T15:54:10.884999,#festival #newlaunch #vibes #casual,insta_533.jpg
Facebook,video,https://facebook.com/reel/YLbvAK,1995,23,113,35144,fb_41053,Notice cultural example experience student expect.,2025-09-24T17:54:10.885036,#summer #minimal #festival #vibes #casual,insta_534.jpg
Instagram,image,https://instagram.com/p/lCzxEM,1120,10,,4519,@tammy18,Opportunity pick short network class think.,2025-09-02T16:54:10.885159,#newlaunch #casual,insta_535.jpg
Facebook,image,https://facebook.com/p/ULDSMr,330,104,22,1950,fb_91320,Congress energy record investment him own hour wrong.,2025-09-13T14:54:10.885200,#fashion #festival #casual #minimal,insta_536.jpg
Instagram,video,https://instagram.com/reel/mlXcHl,2401,196,,21599,@jamessherman,Tough might evidence term himself federal TV race at.,2025-09-27T18:54:10.885422,#minimal #casual,insta_537.jpg
Facebook,video,https://facebook.com/reel/DWbUdQ,2523,165,1,16635,fb_11798,Likely reason minute key.,2025-08-31T08:54:10.885481,#daily #ootd #style #summer,insta_538.jpg
Facebook,image,https://facebook.com/p/JkdWPH,1034,29,54,6934,fb_67883,Whom along head decision fact whether actually street road financial little.,2025-09-13T18:54:10.885522,#festival #style,insta_539.jpg
Instagram,image,https://instagram.com/p/cLSfhH,4721,193,,5580,@katherinemccullough,Chair treatment close husband authority up garden spend west suffer your street.,2025-09-10T23:54:10.885743,#casual #newlaunch #summer #vibes #festival,insta_540.jpg
Facebook,video,https://facebook.com/reel/YNSofO,4439,155,84,13441,fb_21555,Least state involve very discover from enough test society nothing feel.,2025-09-19T23:54:10.885787,#style #newlaunch,insta_541.jpg
Facebook,video,https://facebook.com/reel/wqLTEq,4188,144,122,14739,fb_50814,Serious toward phone.,2025-09-30T13:54:10.885823,#trendy #reel #newlaunch #daily,insta_542.jpg
Instagram,video,https://instagram.com/reel/keBPMU,2471,101,,42707,@lisa53,Woman job charge or often than meet someone everybody work later animal.,2025-09-15T12:54:10.885962,#summer #reel #festival,insta_543.jpg
Facebook,image,https://facebook.com/p/WXxVSI,4311,113,120,6097,fb_14730,Ability difference out free build week mouth.,2025-09-09T15:54:10.886003,#trendy #style,insta_544.jpg
Instagram,video,https://instagram.com/reel/bSpsGY,2567,45,,17914,@patrickhart,Hour part lot I prevent yet majority trouble point he wear.,2025-09-04T16:54:10.886227,#style #casual #summer #bts #trendy,insta_545.jpg
Facebook,video,https://facebook.com/reel/MoWyDX,1169,183,80,20189,fb_59766,Ability building matter brother financial question system area.,2025-09-25T16:54:10.886270,#daily #bts #minimal #vibes,insta_546.jpg
Facebook,video,https://facebook.com/reel/TTysjD,355,24,125,29376,fb_67628,South executive probably during rich after hospital poor involve plan PM edge.,2025-09-30T22:54:10.886310,#festival #reel #vibes #fashion #style,insta_547.jpg
Facebook,video,https://facebook.com/reel/NtmdyS,2563,142,130,9460,fb_22907,Push grow those continue standard point.,2025-09-15T03:54:10.886347,#trendy #reel #weekend,insta_548.jpg
Instagram,image,https://instagram.com/p/ccWBtn,4440,152,,9105,@wrodriguez,Agreement yard do whole parent six.,2025-09-09T19:54:10.886502,#weekend #newlaunch #ootd,insta_549.jpg
Facebook,image,https://facebook.com/p/vrklLY,413,30,33,9903,fb_87644,Build dark where study pull must beat across.,2025-09-02T07:54:10.886569,#style #weekend #ootd #newlaunch,insta_550.jpg
Instagram,video,https://instagram.com/reel/JEhBHx,1314,172,,33148,@imcdaniel,Rather than church agreement tax.,2025-09-25T07:54:10.886728,#weekend #fashion #newlaunch #style,insta_551.jpg
Instagram,video,https://instagram.com/reel/UzecJP,2198,114,,39088,@tina84,Action might do difference become interview.,2025-09-21T05:54:10.886852,#style #weekend #newlaunch,insta_552.jpg
Instagram,image,https://instagram.com/p/aDavDb,3493,99,,5430,@reillyanna,Central bring sense agreement must entire test use almost.,2025-09-01T16:54:10.887090,#ootd #daily #vibes,insta_553.jpg
Instagram,image,https://instagram.com/p/mnFxWv,192,106,,1113,@nfitzpatrick,Player general several.,2025-10-01T01:54:10.887247,#festival #trendy,insta_554.jpg
Facebook,image,https://facebook.com/p/ZfkXVw,4094,153,90,3611,fb_86694,Foreign yes ever hot growth.,2025-08-31T21:54:10.887289,#summer #casual,insta_555.jpg
Facebook,image,https://facebook.com/p/ncagbd,965,19,29,5762,fb_18348,Half new professional official.,2025-08-31T17:54:10.887326,#casual #fashion,insta_556.jpg
Instagram,video,https://instagram.com/reel/eDkIUt,1967,120,,36963,@lisa46,Dinner discover try see visit drop.,2025-09-21T10:54:10.887452,#bts #reel #fashion #style #casual,insta_557.jpg
Facebook,image,https://facebook.com/p/YAywdY,3337,58,82,3406,fb_87899,Discussion newspaper name college professional sure score reach add professional ten look.,2025-09-11T23:54:10.887494,#bts #newlaunch #daily #festival #minimal,insta_558.jpg
Instagram,video,https://instagram.com/reel/URwMsX,3482,155,,30347,@michael35,International up standard reach low property realize even loss alone.,2025-09-23T03:54:10.887627,#fashion #minimal,insta_559.jpg
Facebook,video,https://facebook.com/reel/FYFHFl,3971,69,108,18892,fb_57535,Part night student lose compare enter clear.,2025-09-18T10:54:10.887688,#minimal #fashion #bts,insta_560.jpg
Facebook,video,https://facebook.com/reel/TNUBOT,831,119,92,15987,fb_61957,Car ahead tell somebody ever fill threat fish particular campaign require.,2025-09-12T02:54:10.887727,#trendy #casual #style #fashion #vibes,insta_561.jpg
Instagram,image,https://instagram.com/p/efpLZZ,430,9,,6681,@tracey23,Office trade house doctor player wife cover catch street well walk tax every.,2025-09-24T12:54:10.887852,#summer #festival #vibes,insta_562.jpg
Facebook,video,https://facebook.com/reel/rZZBWc,1389,66,134,48289,fb_20710,One scientist single second team itself culture travel group.,2025-09-14T07:54:10.887893,#fashion #summer,insta_563.jpg
Instagram,video,https://instagram.com/reel/COIYCu,2220,147,,15571,@wesley60,Upon particularly produce tree point hair least hair evidence party mean.,2025-09-22T07:54:10.888013,#newlaunch #reel,insta_564.jpg
Instagram,image,https://instagram.com/p/IoTEzl,3869,95,,4013,@josephrobertson,Continue rock meet necessary son understand order.,2025-09-20T06:54:10.888263,#reel #casual,insta_565.jpg
Facebook,video,https://facebook.com/reel/fsQRgF,1266,104,138,20789,fb_18680,Study investment official window year whom.,2025-09-15T14:54:10.888306,#newlaunch #bts #ootd #minimal #festival,insta_566.jpg
Instagram,image,https://instagram.com/p/UkjKjY,2685,160,,1737,@cwalters,Send share a traditional relate lawyer election keep audience.,2025-09-04T12:54:10.888460,#festival #bts #newlaunch #weekend #minimal,insta_567.jpg
Facebook,image,https://facebook.com/p/BqVyFy,497,115,93,2397,fb_67837,Apply visit he again same fish fast discussion often less gas would.,2025-09-30T08:54:10.888501,#festival #bts,insta_568.jpg
Facebook,image,https://facebook.com/p/LKFPwg,4593,147,19,3829,fb_45320,Practice agent animal.,2025-09-24T23:54:10.888537,#style #trendy #weekend,insta_569.jpg
Facebook,image,https://facebook.com/p/XPfGld,1470,147,37,5354,fb_35873,Far glass class small.,2025-09-07T01:54:10.888573,#fashion #trendy #newlaunch #reel #weekend,insta_570.jpg
Instagram,image,https://instagram.com/p/NObUEm,3538,180,,9748,@wjohnson,Strategy whatever final since interest visit.,2025-09-09T17:54:10.888746,#trendy #style,insta_571.jpg
Facebook,image,https://facebook.com/p/Spxrkm,3621,28,44,3353,fb_11023,Free simple structure at road.,2025-08-31T11:54:10.888789,#trendy #daily #fashion,insta_572.jpg
Facebook,image,https://facebook.com/p/ktQUCr,2908,50,86,5139,fb_52902,Any nor different.,2025-09-05T18:54:10.888827,#vibes #festival #minimal #summer #trendy,insta_573.jpg
Instagram,video,https://instagram.com/reel/dNWMms,1751,76,,46623,@vhernandez,Let make evening body receive author hotel direction student kid success according.,2025-09-15T23:54:10.888998,#minimal #trendy #vibes,insta_574.jpg
Facebook,video,https://facebook.com/reel/oIPjdV,328,176,47,31633,fb_32660,Girl name by strong final product increase girl firm recognize score business.,2025-09-04T16:54:10.889040,#casual #festival #ootd #trendy,insta_575.jpg
Instagram,video,https://instagram.com/reel/zTDGkC,2539,164,,32001,@jramsey,Maybe address of book wall identify.,2025-09-16T14:54:10.889244,#trendy #summer #style #minimal,insta_576.jpg
Facebook,image,https://facebook.com/p/ZqAhtx,4446,52,149,2032,fb_90095,Fear sure information wonder movement mission ask measure single.,2025-09-22T01:54:10.889288,#minimal #style #ootd,insta_577.jpg
Instagram,image,https://instagram.com/p/JRDsZR,1034,111,,5433,@dsmith,Ever pattern huge discuss.,2025-09-02T00:54:10.889442,#festival #newlaunch #weekend,insta_578.jpg
Facebook,image,https://facebook.com/p/sInyNa,2256,182,2,5288,fb_80607,Reduce figure may data may attorney especially whole song.,2025-09-03T21:54:10.889484,#minimal #reel #weekend #style #fashion,insta_579.jpg
Instagram,video,https://instagram.com/reel/qMFnHx,3115,199,,47470,@gmitchell,Improve building make family together reveal return establish responsibility much six recognize training imagine wide.,2025-09-15T10:54:10.889638,#daily #minimal #vibes,insta_580.jpg
Facebook,image,https://facebook.com/p/XCuatQ,693,45,57,7376,fb_52992,Audience her near war former art while ten even even above management organization full sea money.,2025-09-24T03:54:10.889679,#fashion #festival #vibes,insta_581.jpg
Facebook,video,https://facebook.com/reel/EURuLK,3665,187,20,2394,fb_27811,Environment spring recently weight TV risk tough seek worker surface state year voice young.,2025-09-27T19:54:10.889718,#fashion #newlaunch #daily #festival,insta_582.jpg
Facebook,video,https://facebook.com/reel/MlCMtY,3584,145,16,9186,fb_18214,Develop two international successful fund leg community same account site better.,2025-09-26T18:54:10.889755,#casual #reel #daily,insta_583.jpg
Facebook,video,https://facebook.com/reel/mPKkHo,1262,74,111,25215,fb_11343,Politics happen usually special treatment.,2025-09-17T10:54:10.889800,#reel #festival #newlaunch #style #daily,insta_584.jpg
Facebook,image,https://facebook.com/p/PJrStv,853,101,28,4199,fb_19663,Analysis other easy time rock difficult local lay nice success realize.,2025-09-07T22:54:10.889859,#festival #summer #style #fashion #trendy,insta_585.jpg
Instagram,video,https://instagram.com/reel/JvyZSy,2687,147,,7073,@coryhayes,Difference experience research seem likely.,2025-09-21T11:54:10.890092,#bts #weekend #fashion #vibes #summer,insta_586.jpg
Facebook,video,https://facebook.com/reel/YWBJkE,361,134,36,11769,fb_31017,Simple protect specific return window edge picture fear purpose hotel offer health buy paper economic.,2025-09-01T21:54:10.890137,#fashion #weekend #newlaunch #summer #style,insta_587.jpg
Instagram,image,https://instagram.com/p/vwkctc,1881,119,,7467,@clarkpaula,Different real a project among agency cup west live sense after.,2025-09-03T16:54:10.890400,#fashion #vibes #trendy #newlaunch,insta_588.jpg
Instagram,image,https://instagram.com/p/RpRFPL,259,166,,7391,@ryan18,Those fact reach media item my avoid knowledge participant Mrs.,2025-09-19T03:54:10.890530,#summer #fashion #trendy,insta_589.jpg
Instagram,video,https://instagram.com/reel/iDcJdn,388,64,,17918,@josephcoleman,Rich fly those interesting.,2025-09-12T06:54:10.890754,#weekend #daily #fashion #minimal,insta_590.jpg
Instagram,image,https://instagram.com/p/EjIMfY,2494,168,,7048,@johnevans,Radio themselves win white write.,2025-09-10T07:54:10.891003,#summer #festival #daily #casual,insta_591.jpg
Facebook,image,https://facebook.com/p/ZqaDLB,1487,53,82,8071,fb_30042,Affect travel local three purpose better upon.,2025-09-21T05:54:10.891049,#ootd #bts,insta_592.jpg
Instagram,image,https://instagram.com/p/UANdkf,1698,23,,6630,@mpetty,Name both size strong hold party ask.,2025-08-31T09:54:10.891207,#reel #ootd #style #newlaunch #bts,insta_593.jpg
Instagram,image,https://instagram.com/p/uFXoSa,3136,188,,6524,@phillipyang,Enter understand above talk.,2025-09-19T09:54:10.891494,#summer #style #bts #newlaunch,insta_594.jpg
Instagram,video,https://instagram.com/reel/FsDBRB,1915,25,,49662,@ndavis,Into but material try alone major number citizen page range take receive.,2025-09-16T10:54:10.891657,#daily #vibes #weekend,insta_595.jpg
Facebook,video,https://facebook.com/reel/cqYTBx,4078,52,53,21022,fb_73938,Moment least place however stand option nor.,2025-09-26T19:54:10.891701,#vibes #casual #style #festival,insta_596.jpg
Instagram,video,https://instagram.com/reel/eKEUES,4761,185,,39497,@paigeprince,Throw hot production moment account true threat finally.,2025-09-04T03:54:10.891920,#festival #trendy #casual #summer #vibes,insta_597.jpg
Facebook,video,https://facebook.com/reel/HJCqCK,1255,26,7,44499,fb_28280,Not feeling police treat ability service side throw sing.,2025-09-27T12:54:10.891967,#daily #festival #casual #fashion,insta_598.jpg
Facebook,image,https://facebook.com/p/ThXbGG,3195,165,121,2030,fb_52760,Cost with mention first phone determine others manager drop expert heavy.,2025-09-21T04:54:10.892033,#vibes #festival,insta_599.jpg
Instagram,video,https://instagram.com/reel/awKDoN,3174,16,,29139,@philippatel,Imagine through such question entire chair change ten deal week including type region.,2025-09-03T01:54:10.892259,#newlaunch #trendy #weekend #minimal,insta_600.jpg
Facebook,image,https://facebook.com/p/PCDsVL,1331,59,77,5266,fb_55960,For weight anyone political.,2025-09-04T05:54:10.892301,#summer #bts #newlaunch #fashion,insta_601.jpg
Instagram,image,https://instagram.com/p/fclqdd,292,55,,4650,@chelseasanford,Author however institution teacher leave song speak let.,2025-09-02T09:54:10.892563,#daily #vibes #reel #fashion,insta_602.jpg
Facebook,image,https://facebook.com/p/WrkqFk,3089,32,21,7280,fb_76604,Something pay many those have cause main teach fear apply agree.,2025-09-01T13:54:10.892610,#summer #daily #trendy #minimal #reel,insta_603.jpg
Facebook,video,https://facebook.com/reel/xJIfXl,2274,121,64,29162,fb_49425,Easy election road call trial.,2025-09-16T14:54:10.892649,#casual #bts #summer #daily,insta_604.jpg
Instagram,video,https://instagram.com/reel/eLZDzK,3188,138,,15631,@nfoster,Become plant often with buy much step provide.,2025-09-17T04:54:10.892803,#summer #fashion #ootd #newlaunch,insta_605.jpg
Facebook,video,https://facebook.com/reel/YvlOet,4437,100,93,30021,fb_19808,East family left vote body population.,2025-09-19T18:54:10.892845,#casual #bts #daily #weekend #style,insta_606.jpg
Facebook,image,https://facebook.com/p/zAINWw,2086,36,101,9595,fb_61016,Next eye own manage coach agree campaign.,2025-09-14T20:54:10.892896,#summer #minimal #casual,insta_607.jpg
Facebook,video,https://facebook.com/reel/zLhAWr,230,83,116,19362,fb_71077,Able else eight provide tough how.,2025-09-17T09:54:10.892935,#newlaunch #bts,insta_608.jpg
Instagram,video,https://instagram.com/reel/wdSzJh,2707,119,,47041,@bakerbrian,Player Congress whole front begin.,2025-08-31T21:54:10.893316,#casual #vibes #newlaunch,insta_609.jpg
Facebook,image,https://facebook.com/p/lmRjQR,555,29,96,3661,fb_39688,Purpose center rate too employee source fear very.,2025-09-26T18:54:10.893366,#weekend #minimal #vibes #ootd,insta_610.jpg
Facebook,video,https://facebook.com/reel/AMpAqq,3841,44,133,7258,fb_12140,Traditional anyone president voice effort sit husband may trial gas.,2025-09-19T06:54:10.893408,#reel #newlaunch #minimal #daily #trendy,insta_611.jpg
Facebook,image,https://facebook.com/p/okWaMK,3376,44,20,8316,fb_87600,Republican power fall less get I affect improve some political see.,2025-09-22T22:54:10.893463,#fashion #summer #vibes #minimal #trendy,insta_612.jpg
Instagram,video,https://instagram.com/reel/lkmVtW,1219,10,,45093,@alexisfoster,Paper decide society box measure.,2025-09-10T11:54:10.893715,#style #newlaunch #ootd #weekend,insta_613.jpg
Instagram,image,https://instagram.com/p/qFKXhZ,3166,139,,6849,@francisco02,Race training beyond seat produce garden able improve realize just remember cut.,2025-09-09T07:54:10.893847,#fashion #minimal,insta_614.jpg
Instagram,image,https://instagram.com/p/XCNlrG,2958,137,,7509,@reginaldsullivan,Teach others enough yard each body physical interest we.,2025-09-26T18:54:10.894076,#fashion #casual #summer,insta_615.jpg
Facebook,video,https://facebook.com/reel/YxQsYJ,2154,9,0,16112,fb_69579,Painting past level beyond.,2025-09-01T03:54:10.894119,#reel #festival #ootd #weekend #fashion,insta_616.jpg
Facebook,image,https://facebook.com/p/azUhTg,320,84,95,8387,fb_40664,Political home for true forward.,2025-09-06T09:54:10.894171,#ootd #fashion #casual #style,insta_617.jpg
Instagram,image,https://instagram.com/p/pKUjTA,4127,64,,622,@brianhill,According war as good else before field final decision growth these out law.,2025-09-17T05:54:10.894407,#daily #bts #vibes #trendy,insta_618.jpg
Facebook,image,https://facebook.com/p/EobLvT,792,187,50,5224,fb_68597,Wonder service heart list kind feel world thus improve either without.,2025-09-27T04:54:10.894451,#newlaunch #fashion #minimal #festival,insta_619.jpg
Facebook,video,https://facebook.com/reel/bINABI,2377,114,104,28380,fb_82638,Child fire international role dinner care buy white ever ball anything miss scientist.,2025-09-05T14:54:10.894503,#reel #summer,insta_620.jpg
Instagram,image,https://instagram.com/p/zvXNue,2890,60,,5488,@smithvincent,Box yet bar card cause yes room eight.,2025-09-30T15:54:10.894755,#festival #ootd #daily #vibes #style,insta_621.jpg
Instagram,image,https://instagram.com/p/HLMJfQ,1139,145,,845,@qwashington,Less TV total agency necessary positive a.,2025-09-01T03:54:10.894919,#bts #weekend,insta_622.jpg
Instagram,video,https://instagram.com/reel/vAkieg,4640,123,,24125,@fosterjohn,Build yard environmental memory.,2025-09-15T04:54:10.895137,#summer #minimal,insta_623.jpg
Instagram,image,https://instagram.com/p/TrEFGS,3896,129,,1548,@williamstodd,Apply situation travel song understand apply friend.,2025-09-27T08:54:10.895398,#casual #vibes #style,insta_624.jpg
Facebook,video,https://facebook.com/reel/gOUrrC,3360,100,141,15081,fb_16850,Chair cost result hold increase.,2025-09-09T12:54:10.895442,#summer #fashion #weekend,insta_625.jpg
Facebook,video,https://facebook.com/reel/bcczcv,3676,5,5,44636,fb_78992,Environmental industry TV between protect trade.,2025-09-13T14:54:10.895482,#daily #festival #newlaunch #vibes #minimal,insta_626.jpg
Instagram,video,https://instagram.com/reel/LVHXYO,1246,65,,31153,@drakelori,Perhaps politics skin.,2025-09-28T13:54:10.895751,#style #reel #daily #summer #weekend,insta_627.jpg
Instagram,image,https://instagram.com/p/ocMExV,1444,107,,2809,@lindsaydyer,Two owner bed American picture real hand material bad experience require.,2025-09-22T04:54:10.895977,#casual #vibes #summer,insta_628.jpg
Facebook,video,https://facebook.com/reel/HeFCYt,2928,106,24,48143,fb_89524,Yard chair we sign center opportunity building you report miss several.,2025-09-30T07:54:10.896020,#summer #daily #reel #weekend #minimal,insta_629.jpg
Facebook,video,https://facebook.com/reel/WeRObM,219,20,23,32753,fb_13001,Establish meeting ten I amount how.,2025-09-05T13:54:10.896059,#vibes #reel #weekend,insta_630.jpg
Instagram,image,https://instagram.com/p/UsjpUr,4342,46,,3883,@npotter,First try environmental money nothing onto parent yourself ability position none election.,2025-09-23T14:54:10.896212,#daily #minimal #ootd #festival #newlaunch,insta_631.jpg
Instagram,video,https://instagram.com/reel/qcuPud,1060,103,,36312,@tiffany34,Seven policy population together election mother between organization something any law do.,2025-09-04T04:54:10.896338,#casual #festival #fashion #newlaunch #daily,insta_632.jpg
Facebook,video,https://facebook.com/reel/tisUMj,3070,129,100,16211,fb_26226,Case and art choose front glass mean outside land.,2025-09-12T13:54:10.896394,#weekend #fashion #newlaunch,insta_633.jpg
Instagram,video,https://instagram.com/reel/YUclcW,534,117,,24641,@kevinjones,Add physical ever performance reflect cut air consider size.,2025-09-05T15:54:10.896630,#minimal #trendy #ootd #daily #casual,insta_634.jpg
Facebook,video,https://facebook.com/reel/uYuwWO,329,100,97,44156,fb_27645,Drug organization wife report suggest food source.,2025-09-24T00:54:10.896682,#casual #minimal #bts,insta_635.jpg
Facebook,image,https://facebook.com/p/CUpPCD,4213,143,46,5378,fb_88958,During common man land growth physical under Mr him health the any suddenly sport present plant.,2025-09-10T01:54:10.896723,#reel #bts,insta_636.jpg
Facebook,video,https://facebook.com/reel/wKKMOU,2287,196,146,30664,fb_84674,Whatever address visit show good.,2025-09-20T10:54:10.896778,#reel #fashion #weekend #ootd #vibes,insta_637.jpg
Facebook,video,https://facebook.com/reel/DCuTvg,3388,167,51,27366,fb_92324,Congress support development scene far fact must break factor machine recent.,2025-09-25T08:54:10.896826,#style #ootd #daily #bts #casual,insta_638.jpg
Facebook,video,https://facebook.com/reel/ImKeOO,3238,86,102,3536,fb_13004,Character bit exist run wish.,2025-09-30T10:54:10.896864,#casual #bts #minimal #weekend,insta_639.jpg
Facebook,image,https://facebook.com/p/wBLUGp,1330,179,93,5585,fb_29755,Camera green institution while line certainly read carry score bad.,2025-09-18T09:54:10.896915,#summer #ootd #style #vibes,insta_640.jpg
Facebook,image,https://facebook.com/p/MalyPr,4132,116,64,8776,fb_47072,Once executive set major analysis around partner expert thus check sort all probably.,2025-09-10T08:54:10.896953,#ootd #weekend #fashion,insta_641.jpg
Facebook,video,https://facebook.com/reel/mWSNNv,3113,161,150,42011,fb_23395,Happen bar item increase across left station country window short Republican exactly candidate per discuss.,2025-09-24T10:54:10.896992,#minimal #vibes #bts,insta_642.jpg
Facebook,image,https://facebook.com/p/weRSNX,2682,155,66,3565,fb_33185,North event answer job town ball yard their different federal window realize picture.,2025-09-30T14:54:10.897028,#newlaunch #ootd #daily,insta_643.jpg
Facebook,image,https://facebook.com/p/pgYpkG,4067,158,62,4965,fb_11820,Network cultural sit attention dark action necessary role impact.,2025-09-13T20:54:10.897065,#minimal #summer #weekend #newlaunch #festival,insta_644.jpg
Instagram,image,https://instagram.com/p/JqIwPn,4933,193,,3218,@hermanjared,Suggest size power artist member central.,2025-09-08T20:54:10.897293,#ootd #daily #casual #style,insta_645.jpg
Facebook,video,https://facebook.com/reel/cMxYdc,2940,20,65,16905,fb_53579,Keep agree stop realize.,2025-09-08T10:54:10.897335,#trendy #ootd #daily,insta_646.jpg
Facebook,image,https://facebook.com/p/RCwlpV,249,107,36,9619,fb_75776,Quality doctor represent window sister dream today east write inside thus.,2025-09-07T15:54:10.897372,#vibes #trendy #ootd #summer #festival,insta_647.jpg
